{
    "name": "root",
    "gauges": {
        "TestCarBehavior.Policy.Entropy.mean": {
            "value": 1.41889488697052,
            "min": 1.4183951616287231,
            "max": 1.41889488697052,
            "count": 2
        },
        "TestCarBehavior.Policy.ExtrinsicValueEstimate.mean": {
            "value": -11.67578411102295,
            "min": -11.67578411102295,
            "max": 3.096548557281494,
            "count": 2
        },
        "TestCarBehavior.Environment.EpisodeLength.mean": {
            "value": 2253.6190476190477,
            "min": 90.79457364341086,
            "max": 2253.6190476190477,
            "count": 2
        },
        "TestCarBehavior.Environment.CumulativeReward.mean": {
            "value": -100000.0,
            "min": -100000.0,
            "max": -100000.0,
            "count": 2
        },
        "TestCarBehavior.Policy.ExtrinsicReward.mean": {
            "value": -100000.0,
            "min": -100000.0,
            "max": -100000.0,
            "count": 2
        },
        "TestCarBehavior.Losses.PolicyLoss.mean": {
            "value": 0.02640037690923085,
            "min": 0.02407609046155509,
            "max": 0.02640037690923085,
            "count": 2
        },
        "TestCarBehavior.Losses.ValueLoss.mean": {
            "value": 54402137.61523946,
            "min": 54402137.61523946,
            "max": 991151217.5333333,
            "count": 2
        },
        "TestCarBehavior.Policy.LearningRate.mean": {
            "value": 0.00025687585437471995,
            "min": 0.00025687585437471995,
            "max": 0.0002845947051351,
            "count": 2
        },
        "TestCarBehavior.Policy.Epsilon.mean": {
            "value": 0.18562528000000003,
            "min": 0.18562528000000003,
            "max": 0.1948649,
            "count": 2
        },
        "TestCarBehavior.Policy.Beta.mean": {
            "value": 0.004282701472,
            "min": 0.004282701472,
            "max": 0.00474375851,
            "count": 2
        },
        "TestCarBehavior.IsTraining.mean": {
            "value": 1.0,
            "min": 1.0,
            "max": 1.0,
            "count": 2
        }
    },
    "metadata": {
        "timer_format_version": "0.1.0",
        "start_time_seconds": "1610761718",
        "python_version": "3.8.1 (v3.8.1:1b293b6006, Dec 18 2019, 14:08:53) \n[Clang 6.0 (clang-600.0.57)]",
        "command_line_arguments": "/Library/Frameworks/Python.framework/Versions/3.8/bin/mlagents-learn --run-id=testcar006",
        "mlagents_version": "0.23.0",
        "mlagents_envs_version": "0.23.0",
        "communication_protocol_version": "1.3.0",
        "pytorch_version": "1.7.1",
        "numpy_version": "1.18.1",
        "end_time_seconds": "1610763696"
    },
    "total": 1977.710956182,
    "count": 1,
    "self": 0.0057073680000030436,
    "children": {
        "run_training.setup": {
            "total": 0.03111461999999987,
            "count": 1,
            "self": 0.03111461999999987
        },
        "TrainerController.start_learning": {
            "total": 1977.674134194,
            "count": 1,
            "self": 3.677198293001993,
            "children": {
                "TrainerController._reset_env": {
                    "total": 8.570504128,
                    "count": 1,
                    "self": 8.570504128
                },
                "TrainerController.advance": {
                    "total": 1965.1768029659981,
                    "count": 104636,
                    "self": 2.462594653982478,
                    "children": {
                        "env_step": {
                            "total": 1962.7142083120157,
                            "count": 104636,
                            "self": 1544.7575881180287,
                            "children": {
                                "SubprocessEnvManager._take_step": {
                                    "total": 415.93689006098157,
                                    "count": 104636,
                                    "self": 11.0671864819343,
                                    "children": {
                                        "TorchPolicy.evaluate": {
                                            "total": 404.86970357904727,
                                            "count": 104214,
                                            "self": 103.75991054901601,
                                            "children": {
                                                "TorchPolicy.sample_actions": {
                                                    "total": 301.10979303003126,
                                                    "count": 104214,
                                                    "self": 301.10979303003126
                                                }
                                            }
                                        }
                                    }
                                },
                                "workers": {
                                    "total": 2.0197301330052984,
                                    "count": 104635,
                                    "self": 0.0,
                                    "children": {
                                        "worker_root": {
                                            "total": 1963.3184122780146,
                                            "count": 104635,
                                            "is_parallel": true,
                                            "self": 587.3328440470266,
                                            "children": {
                                                "steps_from_proto": {
                                                    "total": 0.0005597859999983967,
                                                    "count": 1,
                                                    "is_parallel": true,
                                                    "self": 0.0002725759999986366,
                                                    "children": {
                                                        "_process_vector_observation": {
                                                            "total": 0.00028720999999976016,
                                                            "count": 2,
                                                            "is_parallel": true,
                                                            "self": 0.00028720999999976016
                                                        }
                                                    }
                                                },
                                                "UnityEnvironment.step": {
                                                    "total": 1375.9850084449881,
                                                    "count": 104635,
                                                    "is_parallel": true,
                                                    "self": 14.936588170991854,
                                                    "children": {
                                                        "UnityEnvironment._generate_step_input": {
                                                            "total": 11.537041688041844,
                                                            "count": 104635,
                                                            "is_parallel": true,
                                                            "self": 11.537041688041844
                                                        },
                                                        "communicator.exchange": {
                                                            "total": 1307.5250191509604,
                                                            "count": 104635,
                                                            "is_parallel": true,