{
    "name": "root",
    "metadata": {
        "timer_format_version": "0.1.0",
        "start_time_seconds": "1610763718",
        "python_version": "3.8.1 (v3.8.1:1b293b6006, Dec 18 2019, 14:08:53) \n[Clang 6.0 (clang-600.0.57)]",
        "command_line_arguments": "/Library/Frameworks/Python.framework/Versions/3.8/bin/mlagents-learn --run-id=testcar007",
        "mlagents_version": "0.23.0",
        "mlagents_envs_version": "0.23.0",
        "communication_protocol_version": "1.3.0",
        "pytorch_version": "1.7.1",
        "numpy_version": "1.18.1",
        "end_time_seconds": "1610763844"
    },
    "total": 126.034349992,
    "count": 1,
    "self": 0.006310952000006864,
    "children": {
        "run_training.setup": {
            "total": 0.03719960000000011,
            "count": 1,
            "self": 0.03719960000000011
        },
        "TrainerController.start_learning": {
            "total": 125.99083944,
            "count": 1,
            "self": 0.0857236389998377,
            "children": {
                "TrainerController._reset_env": {
                    "total": 7.300866227,
                    "count": 1,
                    "self": 7.300866227
                },
                "TrainerController.advance": {
                    "total": 118.36304197300015,
                    "count": 2523,
                    "self": 0.05462905800042961,
                    "children": {
                        "env_step": {
                            "total": 118.30841291499972,
                            "count": 2523,
                            "self": 109.1386245949999,
                            "children": {
                                "SubprocessEnvManager._take_step": {
                                    "total": 9.127995442999987,
                                    "count": 2523,
                                    "self": 0.23857347199991885,
                                    "children": {
                                        "TorchPolicy.evaluate": {
                                            "total": 8.889421971000068,
                                            "count": 2523,
                                            "self": 2.2881209420001927,
                                            "children": {
                                                "TorchPolicy.sample_actions": {
                                                    "total": 6.601301028999876,
                                                    "count": 2523,
                                                    "self": 6.601301028999876
                                                }
                                            }
                                        }
                                    }
                                },
                                "workers": {
                                    "total": 0.04179287699983725,
                                    "count": 2522,
                                    "self": 0.0,
                                    "children": {
                                        "worker_root": {
                                            "total": 118.2760823729999,
                                            "count": 2522,
                                            "is_parallel": true,
                                            "self": 13.00159583599995,
                                            "children": {
                                                "steps_from_proto": {
                                                    "total": 0.0005203619999996079,
                                                    "count": 1,
                                                    "is_parallel": true,
                                                    "self": 0.00028544999999979837,
                                                    "children": {
                                                        "_process_vector_observation": {
                                                            "total": 0.0002349119999998095,
                                                            "count": 2,
                                                            "is_parallel": true,
                                                            "self": 0.0002349119999998095
                                                        }
                                                    }
                                                },
                                                "UnityEnvironment.step": {
                                                    "total": 105.27396617499994,
                                                    "count": 2522,
                                                    "is_parallel": true,
                                                    "self": 0.3822066920002811,
                                                    "children": {
                                                        "UnityEnvironment._generate_step_input": {
                                                            "total": 0.2782453530000799,
                                                            "count": 2522,
                                                            "is_parallel": true,
                                                            "self": 0.2782453530000799
                                                        },
                                                        "communicator.exchange": {
                                                            "total": 103.47630875200028,
                                                            "count": 2522,
                                                            "is_parallel": true,
                                                            "self": 103.47630875200028
                                                        },
                                                        "steps_from_proto": {
                                                            "total": 1.1372053779993143,
                                                            "count": 2522,
                                                            "is_parallel": true,
                                                            "self": 0.6931214119997335,
                                                            "children": {
                                                                "_process_vector_observation": {
                                                                    "total": 0.4440839659995808,
                                                                    "count": 5044,
                                                                    "is_parallel": true,
                                                                    "self": 0.4440839659995808
                                                                }
                                                            }
                                                        }
                                                    }
                                                }
                                            }
                                        }
                                    }
                                }
                            }
                        }
                    }
                },
                "trainer_threads": {
                    "total": 4.2123000014271383e-05,
                    "count": 1,
                    "self": 4.2123000014271383e-05,
                    "children": {
                        "thread_root": {
                            "total": 0.0,
                            "count": 0,
                            "is_parallel": true,
                            "self": 0.0,
                            "children": {
                                "trainer_advance": {
                                    "total": 108.90641948499685,