{
    "name": "root",
    "metadata": {
        "timer_format_version": "0.1.0",
        "start_time_seconds": "1612573797",
        "python_version": "3.8.1 (v3.8.1:1b293b6006, Dec 18 2019, 14:08:53) \n[Clang 6.0 (clang-600.0.57)]",
        "command_line_arguments": "/Library/Frameworks/Python.framework/Versions/3.8/bin/mlagents-learn --run-id=testcar038",
        "mlagents_version": "0.23.0",
        "mlagents_envs_version": "0.23.0",
        "communication_protocol_version": "1.3.0",
        "pytorch_version": "1.7.1",
        "numpy_version": "1.18.1",
        "end_time_seconds": "1612574227"
    },
    "total": 430.50218280999997,
    "count": 1,
    "self": 0.00725117499996486,
    "children": {
        "run_training.setup": {
            "total": 0.018142910000000123,
            "count": 1,
            "self": 0.018142910000000123
        },
        "TrainerController.start_learning": {
            "total": 430.476788725,
            "count": 1,
            "self": 0.7294251759992108,
            "children": {
                "TrainerController._reset_env": {
                    "total": 8.20334632,
                    "count": 1,
                    "self": 8.20334632
                },
                "TrainerController.advance": {
                    "total": 421.3102562730008,
                    "count": 20970,
                    "self": 0.5645129709994876,
                    "children": {
                        "env_step": {
                            "total": 420.7457433020013,
                            "count": 20970,
                            "self": 338.6047348069984,
                            "children": {
                                "SubprocessEnvManager._take_step": {
                                    "total": 81.77781848200145,
                                    "count": 20970,
                                    "self": 2.135806011999861,
                                    "children": {
                                        "TorchPolicy.evaluate": {
                                            "total": 79.64201247000159,
                                            "count": 20704,
                                            "self": 20.37787042199934,
                                            "children": {
                                                "TorchPolicy.sample_actions": {
                                                    "total": 59.26414204800225,
                                                    "count": 20704,
                                                    "self": 59.26414204800225
                                                }
                                            }
                                        }
                                    }
                                },
                                "workers": {
                                    "total": 0.3631900130014305,
                                    "count": 20969,
                                    "self": 0.0,
                                    "children": {
                                        "worker_root": {
                                            "total": 420.7973557100001,
                                            "count": 20969,
                                            "is_parallel": true,
                                            "self": 115.94276642900098,
                                            "children": {
                                                "steps_from_proto": {
                                                    "total": 0.000566619999998963,
                                                    "count": 1,
                                                    "is_parallel": true,
                                                    "self": 0.0002709179999982325,
                                                    "children": {
                                                        "_process_vector_observation": {
                                                            "total": 0.00029570200000073044,
                                                            "count": 4,
                                                            "is_parallel": true,
                                                            "self": 0.00029570200000073044
                                                        }
                                                    }
                                                },
                                                "UnityEnvironment.step": {
                                                    "total": 304.85402266099914,
                                                    "count": 20969,
                                                    "is_parallel": true,
                                                    "self": 3.34514279899696,
                                                    "children": {
                                                        "UnityEnvironment._generate_step_input": {
                                                            "total": 2.4133151410007603,
                                                            "count": 20969,
                                                            "is_parallel": true,
                                                            "self": 2.4133151410007603
                                                        },
                                                        "communicator.exchange": {
                                                            "total": 287.70179718000134,
                                                            "count": 20969,
                                                            "is_parallel": true,
                                                            "self": 287.70179718000134
                                                        },
                                                        "steps_from_proto": {
                                                            "total": 11.393767541000095,
                                                            "count": 20969,
                                                            "is_parallel": true,
                                                            "self": 5.664984694001491,
                                                            "children": {
                                                                "_process_vector_observation": {
                                                                    "total": 5.7287828469986035,
                                                                    "count": 83876,
                                                                    "is_parallel": true,
                                                                    "self": 5.7287828469986035
                                                                }
                                                            }
                                                        }
                                                    }
                                                }
                                            }
                                        }
                                    }
                                }
                            }
                        }
                    }
                },
                "trainer_threads": {
                    "total": 4.873500000712738e-05,
                    "count": 1,
                    "self": 4.873500000712738e-05,
                    "children": {
                        "thread_root": {
                            "total": 0.0,
                            "count": 0,
                            "is_parallel": true,
                            "self": 0.0,
                            "children": {
                                "trainer_advance": {
                                    "total": 390.32147140498853,