{
    "name": "root",
    "metadata": {
        "timer_format_version": "0.1.0",
        "start_time_seconds": "1610861191",
        "python_version": "3.8.1 (v3.8.1:1b293b6006, Dec 18 2019, 14:08:53) \n[Clang 6.0 (clang-600.0.57)]",
        "command_line_arguments": "/Library/Frameworks/Python.framework/Versions/3.8/bin/mlagents-learn --run-id=testcar027",
        "mlagents_version": "0.23.0",
        "mlagents_envs_version": "0.23.0",
        "communication_protocol_version": "1.3.0",
        "pytorch_version": "1.7.1",
        "numpy_version": "1.18.1",
        "end_time_seconds": "1610861265"
    },
    "total": 73.55910272000001,
    "count": 1,
    "self": 0.006181761000021879,
    "children": {
        "run_training.setup": {
            "total": 0.252175485,
            "count": 1,
            "self": 0.252175485
        },
        "TrainerController.start_learning": {
            "total": 73.300745474,
            "count": 1,
            "self": 0.07419774100021925,
            "children": {
                "TrainerController._reset_env": {
                    "total": 6.978288055,
                    "count": 1,
                    "self": 6.978288055
                },
                "TrainerController.advance": {
                    "total": 65.97510754899977,
                    "count": 2002,
                    "self": 0.043315087999502566,
                    "children": {
                        "env_step": {
                            "total": 65.93179246100027,
                            "count": 2002,
                            "self": 58.146705392000165,
                            "children": {
                                "SubprocessEnvManager._take_step": {
                                    "total": 7.747484587000063,
                                    "count": 2002,
                                    "self": 0.243580950999851,
                                    "children": {
                                        "TorchPolicy.evaluate": {
                                            "total": 7.503903636000212,
                                            "count": 1965,
                                            "self": 1.959491927000494,
                                            "children": {
                                                "TorchPolicy.sample_actions": {
                                                    "total": 5.544411708999718,
                                                    "count": 1965,
                                                    "self": 5.544411708999718
                                                }
                                            }
                                        }
                                    }
                                },
                                "workers": {
                                    "total": 0.0376024820000449,
                                    "count": 2001,
                                    "self": 0.0,
                                    "children": {
                                        "worker_root": {
                                            "total": 65.9420612350001,
                                            "count": 2001,
                                            "is_parallel": true,
                                            "self": 11.579177883000227,
                                            "children": {
                                                "steps_from_proto": {
                                                    "total": 0.0006004199999996018,
                                                    "count": 1,
                                                    "is_parallel": true,
                                                    "self": 0.0002724429999991784,
                                                    "children": {
                                                        "_process_vector_observation": {
                                                            "total": 0.0003279770000004234,
                                                            "count": 4,
                                                            "is_parallel": true,
                                                            "self": 0.0003279770000004234
                                                        }
                                                    }
                                                },
                                                "UnityEnvironment.step": {
                                                    "total": 54.36228293199987,
                                                    "count": 2001,
                                                    "is_parallel": true,
                                                    "self": 0.3814562129990833,
                                                    "children": {
                                                        "UnityEnvironment._generate_step_input": {
                                                            "total": 0.26290718900002297,
                                                            "count": 2001,
                                                            "is_parallel": true,
                                                            "self": 0.26290718900002297
                                                        },
                                                        "communicator.exchange": {
                                                            "total": 52.46628999100042,
                                                            "count": 2001,
                                                            "is_parallel": true,
                                                            "self": 52.46628999100042
                                                        },
                                                        "steps_from_proto": {
                                                            "total": 1.2516295390003433,
                                                            "count": 2001,
                                                            "is_parallel": true,
                                                            "self": 0.6362235340002398,
                                                            "children": {
                                                                "_process_vector_observation": {
                                                                    "total": 0.6154060050001036,
                                                                    "count": 8004,
                                                                    "is_parallel": true,
                                                                    "self": 0.6154060050001036
                                                                }
                                                            }
                                                        }
                                                    }
                                                }
                                            }
                                        }
                                    }
                                }
                            }
                        }
                    }
                },
                "trainer_threads": {
                    "total": 8.133099998985927e-05,
                    "count": 1,
                    "self": 8.133099998985927e-05,
                    "children": {
                        "thread_root": {
                            "total": 0.0,
                            "count": 0,
                            "is_parallel": true,
                            "self": 0.0,
                            "children": {
                                "trainer_advance": {
                                    "total": 60.9253870709996,
                                    "count": 208220,