{
    "name": "root",
    "metadata": {
        "timer_format_version": "0.1.0",
        "start_time_seconds": "1610859054",
        "python_version": "3.8.1 (v3.8.1:1b293b6006, Dec 18 2019, 14:08:53) \n[Clang 6.0 (clang-600.0.57)]",
        "command_line_arguments": "/Library/Frameworks/Python.framework/Versions/3.8/bin/mlagents-learn --run-id=testcar020",
        "mlagents_version": "0.23.0",
        "mlagents_envs_version": "0.23.0",
        "communication_protocol_version": "1.3.0",
        "pytorch_version": "1.7.1",
        "numpy_version": "1.18.1",
        "end_time_seconds": "1610859086"
    },
    "total": 31.786751083,
    "count": 1,
    "self": 0.005423264999997457,
    "children": {
        "run_training.setup": {
            "total": 0.025113973000000067,
            "count": 1,
            "self": 0.025113973000000067
        },
        "TrainerController.start_learning": {
            "total": 31.756213845,
            "count": 1,
            "self": 0.04167021699996454,
            "children": {
                "TrainerController._reset_env": {
                    "total": 10.139686969,
                    "count": 1,
                    "self": 10.139686969
                },
                "TrainerController.advance": {
                    "total": 21.37858285200004,
                    "count": 1384,
                    "self": 0.029345071000033585,
                    "children": {
                        "env_step": {
                            "total": 21.349237781000006,
                            "count": 1384,
                            "self": 16.506551225999985,
                            "children": {
                                "SubprocessEnvManager._take_step": {
                                    "total": 4.82099123399996,
                                    "count": 1384,
                                    "self": 0.1283796279999887,
                                    "children": {
                                        "TorchPolicy.evaluate": {
                                            "total": 4.692611605999971,
                                            "count": 1369,
                                            "self": 1.2135772479999485,
                                            "children": {
                                                "TorchPolicy.sample_actions": {
                                                    "total": 3.479034358000023,
                                                    "count": 1369,
                                                    "self": 3.479034358000023
                                                }
                                            }
                                        }
                                    }
                                },
                                "workers": {
                                    "total": 0.02169532100006144,
                                    "count": 1383,
                                    "self": 0.0,
                                    "children": {
                                        "worker_root": {
                                            "total": 21.355722730000075,
                                            "count": 1383,
                                            "is_parallel": true,
                                            "self": 6.857919271999981,
                                            "children": {
                                                "steps_from_proto": {
                                                    "total": 0.0005835570000005674,
                                                    "count": 1,
                                                    "is_parallel": true,
                                                    "self": 0.000266250999999329,
                                                    "children": {
                                                        "_process_vector_observation": {
                                                            "total": 0.00031730600000123843,
                                                            "count": 4,
                                                            "is_parallel": true,
                                                            "self": 0.00031730600000123843
                                                        }
                                                    }
                                                },
                                                "UnityEnvironment.step": {
                                                    "total": 14.497219901000094,
                                                    "count": 1383,
                                                    "is_parallel": true,
                                                    "self": 0.20260040600008544,
                                                    "children": {
                                                        "UnityEnvironment._generate_step_input": {
                                                            "total": 0.14623033100004257,
                                                            "count": 1383,
                                                            "is_parallel": true,
                                                            "self": 0.14623033100004257
                                                        },
                                                        "communicator.exchange": {
                                                            "total": 13.44541346899998,
                                                            "count": 1383,
                                                            "is_parallel": true,
                                                            "self": 13.44541346899998
                                                        },
                                                        "steps_from_proto": {
                                                            "total": 0.702975694999985,
                                                            "count": 1383,
                                                            "is_parallel": true,
                                                            "self": 0.3520297759999931,
                                                            "children": {
                                                                "_process_vector_observation": {
                                                                    "total": 0.35094591899999195,
                                                                    "count": 5532,
                                                                    "is_parallel": true,
                                                                    "self": 0.35094591899999195
                                                                }
                                                            }
                                                        }
                                                    }
                                                }
                                            }
                                        }
                                    }
                                }
                            }
                        }
                    }
                },
                "trainer_threads": {
                    "total": 2.791499999688085e-05,
                    "count": 1,
                    "self": 2.791499999688085e-05,
                    "children": {
                        "thread_root": {
                            "total": 0.0,
                            "count": 0,
                            "is_parallel": true,
                            "self": 0.0,
                            "children": {
                                "trainer_advance": {
                                    "total": 19.954869451999794,