{
    "name": "root",
    "gauges": {
        "TestCarBehavior.Policy.Entropy.mean": {
            "value": 1.4281013011932373,
            "min": 1.42262601852417,
            "max": 1.4281013011932373,
            "count": 2
        },
        "TestCarBehavior.Policy.ExtrinsicValueEstimate.mean": {
            "value": -3.8030641078948975,
            "min": -3.8030641078948975,
            "max": -0.6513477563858032,
            "count": 2
        },
        "TestCarBehavior.Losses.PolicyLoss.mean": {
            "value": 0.0245128054196357,
            "min": 0.02148242247365791,
            "max": 0.0245128054196357,
            "count": 2
        },
        "TestCarBehavior.Losses.ValueLoss.mean": {
            "value": 35442887.33757107,
            "min": 14723290.85647642,
            "max": 35442887.33757107,
            "count": 2
        },
        "TestCarBehavior.Policy.LearningRate.mean": {
            "value": 0.00025683529438824,
            "min": 0.00025683529438824,
            "max": 0.0002845623051459,
            "count": 2
        },
        "TestCarBehavior.Policy.Epsilon.mean": {
            "value": 0.18561176000000001,
            "min": 0.18561176000000001,
            "max": 0.19485410000000003,
            "count": 2
        },
        "TestCarBehavior.Policy.Beta.mean": {
            "value": 0.004282026824,
            "min": 0.004282026824,
            "max": 0.004743219589999999,
            "count": 2
        },
        "TestCarBehavior.Environment.EpisodeLength.mean": {
            "value": 1912.84,
            "min": 1912.84,
            "max": 4728.8,
            "count": 2
        },
        "TestCarBehavior.Environment.CumulativeReward.mean": {
            "value": -100000.0,
            "min": -100000.0,
            "max": -100000.0,
            "count": 2
        },
        "TestCarBehavior.Policy.ExtrinsicReward.mean": {
            "value": -100000.0,
            "min": -100000.0,
            "max": -100000.0,
            "count": 2
        },
        "TestCarBehavior.IsTraining.mean": {
            "value": 1.0,
            "min": 1.0,
            "max": 1.0,
            "count": 2
        }
    },
    "metadata": {
        "timer_format_version": "0.1.0",
        "start_time_seconds": "1610773092",
        "python_version": "3.8.1 (v3.8.1:1b293b6006, Dec 18 2019, 14:08:53) \n[Clang 6.0 (clang-600.0.57)]",
        "command_line_arguments": "/Library/Frameworks/Python.framework/Versions/3.8/bin/mlagents-learn --run-id=testcar011",
        "mlagents_version": "0.23.0",
        "mlagents_envs_version": "0.23.0",
        "communication_protocol_version": "1.3.0",
        "pytorch_version": "1.7.1",
        "numpy_version": "1.18.1",
        "end_time_seconds": "1610774997"
    },
    "total": 1904.5034912580002,
    "count": 1,
    "self": 0.007800887000257717,
    "children": {
        "run_training.setup": {
            "total": 0.02794224000000023,
            "count": 1,
            "self": 0.02794224000000023
        },
        "TrainerController.start_learning": {
            "total": 1904.467748131,
            "count": 1,
            "self": 3.0188554109856796,
            "children": {
                "TrainerController._reset_env": {
                    "total": 9.933614588000001,
                    "count": 1,
                    "self": 9.933614588000001
                },
                "TrainerController.advance": {
                    "total": 1891.1311079290144,
                    "count": 100967,
                    "self": 2.2169238120127375,
                    "children": {
                        "env_step": {
                            "total": 1888.9141841170017,
                            "count": 100967,
                            "self": 1520.741756246941,
                            "children": {
                                "SubprocessEnvManager._take_step": {
                                    "total": 366.4842474300276,
                                    "count": 100967,
                                    "self": 9.772334735018376,
                                    "children": {
                                        "TorchPolicy.evaluate": {
                                            "total": 356.71191269500923,
                                            "count": 100939,
                                            "self": 92.2439617549993,
                                            "children": {
                                                "TorchPolicy.sample_actions": {
                                                    "total": 264.4679509400099,
                                                    "count": 100939,
                                                    "self": 264.4679509400099
                                                }
                                            }
                                        }
                                    }
                                },
                                "workers": {
                                    "total": 1.688180440033264,
                                    "count": 100966,
                                    "self": 0.0,
                                    "children": {
                                        "worker_root": {
                                            "total": 1888.8111093709942,
                                            "count": 100966,
                                            "is_parallel": true,
                                            "self": 519.7238276699948,
                                            "children": {
                                                "steps_from_proto": {
                                                    "total": 0.0006171290000001051,
                                                    "count": 1,
                                                    "is_parallel": true,
                                                    "self": 0.00029175899999955845,
                                                    "children": {
                                                        "_process_vector_observation": {
                                                            "total": 0.0003253700000005466,
                                                            "count": 4,
                                                            "is_parallel": true,
                                                            "self": 0.0003253700000005466
                                                        }
                                                    }
                                                },
                                                "UnityEnvironment.step": {
                                                    "total": 1369.0866645719996,
                                                    "count": 100966,
                                                    "is_parallel": true,
                                                    "self": 14.348964281963617,
                                                    "children": {
                                                        "UnityEnvironment._generate_step_input": {
                                                            "total": 10.839619467991414,
                                                            "count": 100966,
                                                            "is_parallel": true,
                                                            "self": 10.839619467991414
                                                        },
                                                        "communicator.exchange": {
                                                            "total": 1296.547864985032,
                                                            "count": 100966,
                                                            "is_parallel": true,