{
    "name": "root",
    "metadata": {
        "timer_format_version": "0.1.0",
        "start_time_seconds": "1610860383",
        "python_version": "3.8.1 (v3.8.1:1b293b6006, Dec 18 2019, 14:08:53) \n[Clang 6.0 (clang-600.0.57)]",
        "command_line_arguments": "/Library/Frameworks/Python.framework/Versions/3.8/bin/mlagents-learn --run-id=testcar026",
        "mlagents_version": "0.23.0",
        "mlagents_envs_version": "0.23.0",
        "communication_protocol_version": "1.3.0",
        "pytorch_version": "1.7.1",
        "numpy_version": "1.18.1",
        "end_time_seconds": "1610861182"
    },
    "total": 798.429281065,
    "count": 1,
    "self": 0.018190383000160182,
    "children": {
        "run_training.setup": {
            "total": 0.02169357500000002,
            "count": 1,
            "self": 0.02169357500000002
        },
        "TrainerController.start_learning": {
            "total": 798.3893971069999,
            "count": 1,
            "self": 2.02305108599694,
            "children": {
                "TrainerController._reset_env": {
                    "total": 7.2741395110000004,
                    "count": 1,
                    "self": 7.2741395110000004
                },
                "TrainerController.advance": {
                    "total": 788.728531315003,
                    "count": 47331,
                    "self": 1.2052069670095307,
                    "children": {
                        "env_step": {
                            "total": 787.5233243479935,
                            "count": 47331,
                            "self": 590.4820775109938,
                            "children": {
                                "SubprocessEnvManager._take_step": {
                                    "total": 196.0391970989947,
                                    "count": 47331,
                                    "self": 5.526246942990781,
                                    "children": {
                                        "TorchPolicy.evaluate": {
                                            "total": 190.5129501560039,
                                            "count": 47329,
                                            "self": 49.180887286996324,
                                            "children": {
                                                "TorchPolicy.sample_actions": {
                                                    "total": 141.3320628690076,
                                                    "count": 47329,
                                                    "self": 141.3320628690076
                                                }
                                            }
                                        }
                                    }
                                },
                                "workers": {
                                    "total": 1.002049738004919,
                                    "count": 47330,
                                    "self": 0.0,
                                    "children": {
                                        "worker_root": {
                                            "total": 784.995747412994,
                                            "count": 47330,
                                            "is_parallel": true,
                                            "self": 288.11542085699006,
                                            "children": {
                                                "steps_from_proto": {
                                                    "total": 0.0006419519999996126,
                                                    "count": 1,
                                                    "is_parallel": true,
                                                    "self": 0.0003022519999982265,
                                                    "children": {
                                                        "_process_vector_observation": {
                                                            "total": 0.0003397000000013861,
                                                            "count": 4,
                                                            "is_parallel": true,
                                                            "self": 0.0003397000000013861
                                                        }
                                                    }
                                                },
                                                "UnityEnvironment.step": {
                                                    "total": 496.8796846040039,
                                                    "count": 47330,
                                                    "is_parallel": true,
                                                    "self": 8.047333616012793,
                                                    "children": {
                                                        "UnityEnvironment._generate_step_input": {
                                                            "total": 5.77594722700139,
                                                            "count": 47330,
                                                            "is_parallel": true,
                                                            "self": 5.77594722700139
                                                        },
                                                        "communicator.exchange": {
                                                            "total": 455.3888885849929,
                                                            "count": 47330,
                                                            "is_parallel": true,
                                                            "self": 455.3888885849929
                                                        },
                                                        "steps_from_proto": {
                                                            "total": 27.66751517599682,
                                                            "count": 47328,
                                                            "is_parallel": true,
                                                            "self": 13.903947558988008,
                                                            "children": {
                                                                "_process_vector_observation": {
                                                                    "total": 13.76356761700881,
                                                                    "count": 189312,
                                                                    "is_parallel": true,
                                                                    "self": 13.76356761700881
                                                                }
                                                            }
                                                        }
                                                    }
                                                }
                                            }
                                        }
                                    }
                                }
                            }
                        }
                    }
                },
                "trainer_threads": {
                    "total": 9.544799991090258e-05,
                    "count": 1,
                    "self": 9.544799991090258e-05,
                    "children": {
                        "thread_root": {
                            "total": 0.0,
                            "count": 0,
                            "is_parallel": true,
                            "self": 0.0,
                            "children": {
                                "trainer_advance": {
                                    "total": 739.0514045409825,