{
    "name": "root",
    "gauges": {
        "TestCarBehavior.Policy.Entropy.mean": {
            "value": 1.4231773614883423,
            "min": 1.4171160459518433,
            "max": 1.4231773614883423,
            "count": 10
        },
        "TestCarBehavior.Policy.ExtrinsicValueEstimate.mean": {
            "value": 15.891939163208008,
            "min": 3.4758801460266113,
            "max": 15.891939163208008,
            "count": 10
        },
        "TestCarBehavior.Environment.EpisodeLength.mean": {
            "value": 24.075727181544632,
            "min": 24.075727181544632,
            "max": 116.86556603773585,
            "count": 10
        },
        "TestCarBehavior.Environment.CumulativeReward.mean": {
            "value": 20.350154685400195,
            "min": 16.73493998518022,
            "max": 22.594826938971032,
            "count": 10
        },
        "TestCarBehavior.Policy.ExtrinsicReward.mean": {
            "value": 20.350154685400195,
            "min": 16.73493998518022,
            "max": 22.594826938971032,
            "count": 10
        },
        "TestCarBehavior.Losses.PolicyLoss.mean": {
            "value": 0.02194238335301634,
            "min": 0.020892492421990032,
            "max": 0.02634203346533468,
            "count": 10
        },
        "TestCarBehavior.Losses.ValueLoss.mean": {
            "value": 5.278488448460897,
            "min": 3.3520482412974033,
            "max": 23.14675299326579,
            "count": 10
        },
        "TestCarBehavior.Policy.LearningRate.mean": {
            "value": 1.699965433348e-05,
            "min": 1.699965433348e-05,
            "max": 0.0002846115051294999,
            "count": 10
        },
        "TestCarBehavior.Policy.Epsilon.mean": {
            "value": 0.10566651999999999,
            "min": 0.10566651999999999,
            "max": 0.1948705,
            "count": 10
        },
        "TestCarBehavior.Policy.Beta.mean": {
            "value": 0.000292759348,
            "min": 0.000292759348,
            "max": 0.00474403795,
            "count": 10
        },
        "TestCarBehavior.IsTraining.mean": {
            "value": 1.0,
            "min": 1.0,
            "max": 1.0,
            "count": 10
        }
    },
    "metadata": {
        "timer_format_version": "0.1.0",
        "start_time_seconds": "1612487692",
        "python_version": "3.8.1 (v3.8.1:1b293b6006, Dec 18 2019, 14:08:53) \n[Clang 6.0 (clang-600.0.57)]",
        "command_line_arguments": "/Library/Frameworks/Python.framework/Versions/3.8/bin/mlagents-learn --run-id=testcar033",
        "mlagents_version": "0.23.0",
        "mlagents_envs_version": "0.23.0",
        "communication_protocol_version": "1.3.0",
        "pytorch_version": "1.7.1",
        "numpy_version": "1.18.1",
        "end_time_seconds": "1612501615"
    },
    "total": 13922.182528052,
    "count": 1,
    "self": 0.01240331200096989,
    "children": {
        "run_training.setup": {
            "total": 0.024516733000000013,
            "count": 1,
            "self": 0.024516733000000013
        },
        "TrainerController.start_learning": {
            "total": 13922.145608007,
            "count": 1,
            "self": 19.22737141903417,
            "children": {
                "TrainerController._reset_env": {
                    "total": 7.798011798999999,
                    "count": 1,
                    "self": 7.798011798999999
                },
                "TrainerController.advance": {
                    "total": 13895.028312863968,
                    "count": 511207,
                    "self": 11.213651055100854,
                    "children": {
                        "env_step": {
                            "total": 13883.814661808867,
                            "count": 511207,
                            "self": 11965.432290238887,
                            "children": {
                                "SubprocessEnvManager._take_step": {
                                    "total": 1909.1695418435725,
                                    "count": 511207,
                                    "self": 49.58148532936093,
                                    "children": {
                                        "TorchPolicy.evaluate": {
                                            "total": 1859.5880565142115,
                                            "count": 500018,
                                            "self": 469.52049863981915,
                                            "children": {
                                                "TorchPolicy.sample_actions": {
                                                    "total": 1390.0675578743924,
                                                    "count": 500018,
                                                    "self": 1390.0675578743924
                                                }
                                            }
                                        }
                                    }
                                },
                                "workers": {
                                    "total": 9.212829726407877,
                                    "count": 511207,
                                    "self": 0.0,
                                    "children": {
                                        "worker_root": {
                                            "total": 13886.272128010947,
                                            "count": 511207,
                                            "is_parallel": true,
                                            "self": 2737.3320939542355,
                                            "children": {
                                                "steps_from_proto": {
                                                    "total": 0.0010545930000001036,
                                                    "count": 1,
                                                    "is_parallel": true,
                                                    "self": 0.0003178730000001906,
                                                    "children": {
                                                        "_process_vector_observation": {
                                                            "total": 0.000736719999999913,
                                                            "count": 4,
                                                            "is_parallel": true,
                                                            "self": 0.000736719999999913
                                                        }
                                                    }
                                                },
                                                "UnityEnvironment.step": {
                                                    "total": 11148.938979463712,
                                                    "count": 511207,
                                                    "is_parallel": true,
                                                    "self": 78.80326792838787,
                                                    "children": {
                                                        "UnityEnvironment._generate_step_input": {
                                                            "total": 59.02758736016879,
                                                            "count": 511207,
                                                            "is_parallel": true,
                                                            "self": 59.02758736016879
                                                        },
                                                        "communicator.exchange": {
                                                            "total": 10756.291101292552,
                                                            "count": 511207,