{
    "name": "root",
    "gauges": {
        "TestCarBehavior.Policy.Entropy.mean": {
            "value": 1.4251033067703247,
            "min": 1.4192472696304321,
            "max": 1.425342321395874,
            "count": 8
        },
        "TestCarBehavior.Environment.EpisodeLength.mean": {
            "value": 12052.0,
            "min": 64.88932806324111,
            "max": 16362.666666666666,
            "count": 8
        },
        "TestCarBehavior.Policy.ExtrinsicValueEstimate.mean": {
            "value": -81.80237579345703,
            "min": -81.80237579345703,
            "max": -15.140336990356445,
            "count": 8
        },
        "TestCarBehavior.Environment.CumulativeReward.mean": {
            "value": -108618.66666666667,
            "min": -112045.83333333333,
            "max": -100161.16952506597,
            "count": 8
        },
        "TestCarBehavior.Policy.ExtrinsicReward.mean": {
            "value": -108618.66666666667,
            "min": -112045.83333333333,
            "max": -100161.16952506597,
            "count": 8
        },
        "TestCarBehavior.Losses.PolicyLoss.mean": {
            "value": 0.023462467328984833,
            "min": 0.021123342175584786,
            "max": 0.024832766225445085,
            "count": 8
        },
        "TestCarBehavior.Losses.ValueLoss.mean": {
            "value": 8391217.0458635,
            "min": 3534109.2791546383,
            "max": 1254397905.0666666,
            "count": 8
        },
        "TestCarBehavior.Policy.LearningRate.mean": {
            "value": 7.496587501139998e-05,
            "min": 7.496587501139998e-05,
            "max": 0.0002846079051306999,
            "count": 8
        },
        "TestCarBehavior.Policy.Epsilon.mean": {
            "value": 0.12498860000000002,
            "min": 0.12498860000000002,
            "max": 0.1948693,
            "count": 8
        },
        "TestCarBehavior.Policy.Beta.mean": {
            "value": 0.00125693114,
            "min": 0.00125693114,
            "max": 0.00474397807,
            "count": 8
        },
        "TestCarBehavior.IsTraining.mean": {
            "value": 1.0,
            "min": 1.0,
            "max": 1.0,
            "count": 8
        }
    },
    "metadata": {
        "timer_format_version": "0.1.0",
        "start_time_seconds": "1610763888",
        "python_version": "3.8.1 (v3.8.1:1b293b6006, Dec 18 2019, 14:08:53) \n[Clang 6.0 (clang-600.0.57)]",
        "command_line_arguments": "/Library/Frameworks/Python.framework/Versions/3.8/bin/mlagents-learn --run-id=testcar008",
        "mlagents_version": "0.23.0",
        "mlagents_envs_version": "0.23.0",
        "communication_protocol_version": "1.3.0",
        "pytorch_version": "1.7.1",
        "numpy_version": "1.18.1",
        "end_time_seconds": "1610771465"
    },
    "total": 7576.886606563,
    "count": 1,
    "self": 0.006841169999461272,
    "children": {
        "run_training.setup": {
            "total": 0.028210988999999964,
            "count": 1,
            "self": 0.028210988999999964
        },
        "TrainerController.start_learning": {
            "total": 7576.851554404,
            "count": 1,
            "self": 14.727545796073173,
            "children": {
                "TrainerController._reset_env": {
                    "total": 6.870025564,
                    "count": 1,
                    "self": 6.870025564
                },
                "TrainerController.advance": {
                    "total": 7555.071089148927,
                    "count": 434555,
                    "self": 7.2930936649017895,
                    "children": {
                        "env_step": {
                            "total": 7547.777995484025,
                            "count": 434555,
                            "self": 6026.93181576604,
                            "children": {
                                "SubprocessEnvManager._take_step": {
                                    "total": 1513.8306451189603,
                                    "count": 434555,
                                    "self": 37.58521412311552,
                                    "children": {
                                        "TorchPolicy.evaluate": {
                                            "total": 1476.2454309958448,
                                            "count": 433459,
                                            "self": 379.69107752976197,
                                            "children": {
                                                "TorchPolicy.sample_actions": {
                                                    "total": 1096.5543534660828,
                                                    "count": 433459,
                                                    "self": 1096.5543534660828
                                                }
                                            }
                                        }
                                    }
                                },
                                "workers": {
                                    "total": 7.015534599024846,
                                    "count": 434554,
                                    "self": 0.0,
                                    "children": {
                                        "worker_root": {
                                            "total": 7547.02756217,
                                            "count": 434554,
                                            "is_parallel": true,
                                            "self": 2129.3996284339282,
                                            "children": {
                                                "steps_from_proto": {
                                                    "total": 0.0005297600000000457,
                                                    "count": 1,
                                                    "is_parallel": true,
                                                    "self": 0.0002920809999995555,
                                                    "children": {
                                                        "_process_vector_observation": {
                                                            "total": 0.00023767900000049025,
                                                            "count": 2,
                                                            "is_parallel": true,
                                                            "self": 0.00023767900000049025
                                                        }
                                                    }
                                                },
                                                "UnityEnvironment.step": {
                                                    "total": 5417.627403976072,
                                                    "count": 434554,
                                                    "is_parallel": true,
                                                    "self": 55.08163649358721,
                                                    "children": {
                                                        "UnityEnvironment._generate_step_input": {
                                                            "total": 44.801922337612744,
                                                            "count": 434554,
                                                            "is_parallel": true,
                                                            "self": 44.801922337612744
                                                        },
                                                        "communicator.exchange": {
                                                            "total": 5163.6474428970705,
                                                            "count": 434554,
                                                            "is_parallel": true,