{
    "name": "root",
    "metadata": {
        "timer_format_version": "0.1.0",
        "start_time_seconds": "1610775392",
        "python_version": "3.8.1 (v3.8.1:1b293b6006, Dec 18 2019, 14:08:53) \n[Clang 6.0 (clang-600.0.57)]",
        "command_line_arguments": "/Library/Frameworks/Python.framework/Versions/3.8/bin/mlagents-learn --run-id=testcar015",
        "mlagents_version": "0.23.0",
        "mlagents_envs_version": "0.23.0",
        "communication_protocol_version": "1.3.0",
        "pytorch_version": "1.7.1",
        "numpy_version": "1.18.1",
        "end_time_seconds": "1610775573"
    },
    "total": 181.22445217499998,
    "count": 1,
    "self": 0.004558185000007597,
    "children": {
        "run_training.setup": {
            "total": 0.02396227299999998,
            "count": 1,
            "self": 0.02396227299999998
        },
        "TrainerController.start_learning": {
            "total": 181.19593171699998,
            "count": 1,
            "self": 0.024520164000023215,
            "children": {
                "TrainerController._reset_env": {
                    "total": 9.824622492,
                    "count": 1,
                    "self": 9.824622492
                },
                "TrainerController.advance": {
                    "total": 171.11255723799994,
                    "count": 539,
                    "self": 0.014635693999906607,
                    "children": {
                        "env_step": {
                            "total": 171.09792154400003,
                            "count": 539,
                            "self": 168.80898956999994,
                            "children": {
                                "SubprocessEnvManager._take_step": {
                                    "total": 2.275929931000153,
                                    "count": 539,
                                    "self": 0.05513002400030764,
                                    "children": {
                                        "TorchPolicy.evaluate": {
                                            "total": 2.2207999069998454,
                                            "count": 539,
                                            "self": 0.5795794799993974,
                                            "children": {
                                                "TorchPolicy.sample_actions": {
                                                    "total": 1.641220427000448,
                                                    "count": 539,
                                                    "self": 1.641220427000448
                                                }
                                            }
                                        }
                                    }
                                },
                                "workers": {
                                    "total": 0.01300204299993446,
                                    "count": 538,
                                    "self": 0.0,
                                    "children": {
                                        "worker_root": {
                                            "total": 170.803581116,
                                            "count": 538,
                                            "is_parallel": true,
                                            "self": 3.3513335460002622,
                                            "children": {
                                                "steps_from_proto": {
                                                    "total": 0.0008474869999997026,
                                                    "count": 1,
                                                    "is_parallel": true,
                                                    "self": 0.0003377609999990483,
                                                    "children": {
                                                        "_process_vector_observation": {
                                                            "total": 0.0005097260000006543,
                                                            "count": 4,
                                                            "is_parallel": true,
                                                            "self": 0.0005097260000006543
                                                        }
                                                    }
                                                },
                                                "UnityEnvironment.step": {
                                                    "total": 167.45140008299975,
                                                    "count": 538,
                                                    "is_parallel": true,
                                                    "self": 0.11741785999967647,
                                                    "children": {
                                                        "UnityEnvironment._generate_step_input": {
                                                            "total": 0.05847244800024676,
                                                            "count": 538,
                                                            "is_parallel": true,
                                                            "self": 0.05847244800024676
                                                        },
                                                        "communicator.exchange": {
                                                            "total": 166.83850342700012,
                                                            "count": 538,
                                                            "is_parallel": true,
                                                            "self": 166.83850342700012
                                                        },
                                                        "steps_from_proto": {
                                                            "total": 0.4370063479996862,
                                                            "count": 538,
                                                            "is_parallel": true,
                                                            "self": 0.22377944399990213,
                                                            "children": {
                                                                "_process_vector_observation": {
                                                                    "total": 0.21322690399978406,
                                                                    "count": 2152,
                                                                    "is_parallel": true,
                                                                    "self": 0.21322690399978406
                                                                }
                                                            }
                                                        }
                                                    }
                                                }
                                            }
                                        }
                                    }
                                }
                            }
                        }
                    }
                },
                "trainer_threads": {
                    "total": 2.722800002175063e-05,
                    "count": 1,
                    "self": 2.722800002175063e-05,
                    "children": {
                        "thread_root": {
                            "total": 0.0,
                            "count": 0,
                            "is_parallel": true,
                            "self": 0.0,
                            "children": {
                                "trainer_advance": {
                                    "total": 158.02048136299675,