{
    "name": "root",
    "gauges": {
        "TestCarBehavior.Policy.Entropy.mean": {
            "value": 1.417860746383667,
            "min": 1.417860746383667,
            "max": 1.4184775352478027,
            "count": 3
        },
        "TestCarBehavior.Policy.ExtrinsicValueEstimate.mean": {
            "value": -31.183778762817383,
            "min": -33.415138244628906,
            "max": -3.4126482009887695,
            "count": 3
        },
        "TestCarBehavior.Losses.PolicyLoss.mean": {
            "value": 0.023783004011784216,
            "min": 0.022832793930429036,
            "max": 0.023783004011784216,
            "count": 3
        },
        "TestCarBehavior.Losses.ValueLoss.mean": {
            "value": 16606511.660844449,
            "min": 16606511.660844449,
            "max": 446679321.06666666,
            "count": 3
        },
        "TestCarBehavior.Policy.LearningRate.mean": {
            "value": 0.00022581122472960002,
            "min": 0.00022581122472960002,
            "max": 0.000284544005152,
            "count": 3
        },
        "TestCarBehavior.Policy.Epsilon.mean": {
            "value": 0.1752704,
            "min": 0.1752704,
            "max": 0.19484800000000002,
            "count": 3
        },
        "TestCarBehavior.Policy.Beta.mean": {
            "value": 0.00376599296,
            "min": 0.00376599296,
            "max": 0.0047429151999999995,
            "count": 3
        },
        "TestCarBehavior.IsTraining.mean": {
            "value": 1.0,
            "min": 1.0,
            "max": 1.0,
            "count": 3
        }
    },
    "metadata": {
        "timer_format_version": "0.1.0",
        "start_time_seconds": "1610687566",
        "python_version": "3.8.5 (default, Sep  4 2020, 02:22:02) \n[Clang 10.0.0 ]",
        "command_line_arguments": "/Users/waiyip/opt/anaconda3/envs/mlagents/bin/mlagents-learn config/ppo/Tennis.yaml --run-id=testcar004",
        "mlagents_version": "0.23.0",
        "mlagents_envs_version": "0.23.0",
        "communication_protocol_version": "1.3.0",
        "pytorch_version": "1.7.0",
        "numpy_version": "1.18.5",
        "end_time_seconds": "1610691045"
    },
    "total": 3479.292019227,
    "count": 1,
    "self": 0.013670510999418184,
    "children": {
        "run_training.setup": {
            "total": 0.02830561499999984,
            "count": 1,
            "self": 0.02830561499999984
        },
        "TrainerController.start_learning": {
            "total": 3479.2500431010003,
            "count": 1,
            "self": 6.603196497919271,
            "children": {
                "TrainerController._reset_env": {
                    "total": 9.635215797,
                    "count": 1,
                    "self": 9.635215797
                },
                "TrainerController.advance": {
                    "total": 3462.743393907081,
                    "count": 198622,
                    "self": 3.514719661971867,
                    "children": {
                        "env_step": {
                            "total": 3459.2286742451092,
                            "count": 198622,
                            "self": 2749.7996811310722,
                            "children": {
                                "SubprocessEnvManager._take_step": {
                                    "total": 705.7136872950679,
                                    "count": 198622,
                                    "self": 18.465932833109036,
                                    "children": {
                                        "TorchPolicy.evaluate": {
                                            "total": 687.2477544619588,
                                            "count": 198622,
                                            "self": 179.25252369007086,
                                            "children": {
                                                "TorchPolicy.sample_actions": {
                                                    "total": 507.995230771888,
                                                    "count": 198622,
                                                    "self": 507.995230771888
                                                }
                                            }
                                        }
                                    }
                                },
                                "workers": {
                                    "total": 3.7153058189692505,
                                    "count": 198621,
                                    "self": 0.0,
                                    "children": {
                                        "worker_root": {
                                            "total": 3458.559934342906,
                                            "count": 198621,
                                            "is_parallel": true,
                                            "self": 1006.7345681669126,
                                            "children": {
                                                "steps_from_proto": {
                                                    "total": 0.000683584000000792,
                                                    "count": 1,
                                                    "is_parallel": true,
                                                    "self": 0.00029757400000107737,
                                                    "children": {
                                                        "_process_vector_observation": {
                                                            "total": 0.00038600999999971464,
                                                            "count": 4,
                                                            "is_parallel": true,
                                                            "self": 0.00038600999999971464
                                                        }
                                                    }
                                                },
                                                "UnityEnvironment.step": {
                                                    "total": 2451.8246825919937,
                                                    "count": 198621,
                                                    "is_parallel": true,
                                                    "self": 27.606728054151972,
                                                    "children": {
                                                        "UnityEnvironment._generate_step_input": {
                                                            "total": 21.175143617911466,
                                                            "count": 198621,
                                                            "is_parallel": true,
                                                            "self": 21.175143617911466
                                                        },
                                                        "communicator.exchange": {
                                                            "total": 2307.297197753959,
                                                            "count": 198621,
                                                            "is_parallel": true,
                                                            "self": 2307.297197753959
                                                        },
                                                        "steps_from_proto": {
                                                            "total": 95.7456131659712,
                                                            "count": 198621,
                                                            "is_parallel": true,
                                                            "self": 46.80088692891564,