{
    "name": "root",
    "metadata": {
        "timer_format_version": "0.1.0",
        "start_time_seconds": "1612574262",
        "python_version": "3.8.1 (v3.8.1:1b293b6006, Dec 18 2019, 14:08:53) \n[Clang 6.0 (clang-600.0.57)]",
        "command_line_arguments": "/Library/Frameworks/Python.framework/Versions/3.8/bin/mlagents-learn --run-id=testcar100",
        "mlagents_version": "0.23.0",
        "mlagents_envs_version": "0.23.0",
        "communication_protocol_version": "1.3.0",
        "pytorch_version": "1.7.1",
        "numpy_version": "1.18.1",
        "end_time_seconds": "1612574274"
    },
    "total": 12.817625232000001,
    "count": 1,
    "self": 0.013206651000000846,
    "children": {
        "run_training.setup": {
            "total": 0.018537591000000075,
            "count": 1,
            "self": 0.018537591000000075
        },
        "TrainerController.start_learning": {
            "total": 12.78588099,
            "count": 1,
            "self": 0.001302980999998482,
            "children": {
                "TrainerController._reset_env": {
                    "total": 11.033914678,
                    "count": 1,
                    "self": 11.033914678
                },
                "TrainerController.advance": {
                    "total": 1.4610237160000015,
                    "count": 4,
                    "self": 8.004799999916656e-05,
                    "children": {
                        "env_step": {
                            "total": 1.4609436680000023,
                            "count": 4,
                            "self": 1.4413723110000003,
                            "children": {
                                "SubprocessEnvManager._take_step": {
                                    "total": 0.019519451000000743,
                                    "count": 4,
                                    "self": 0.000662213000001799,
                                    "children": {
                                        "TorchPolicy.evaluate": {
                                            "total": 0.018857237999998944,
                                            "count": 4,
                                            "self": 0.004614550000001216,
                                            "children": {
                                                "TorchPolicy.sample_actions": {
                                                    "total": 0.014242687999997727,
                                                    "count": 4,
                                                    "self": 0.014242687999997727
                                                }
                                            }
                                        }
                                    }
                                },
                                "workers": {
                                    "total": 5.1906000001267216e-05,
                                    "count": 3,
                                    "self": 0.0,
                                    "children": {
                                        "worker_root": {
                                            "total": 0.08215256400000115,
                                            "count": 3,
                                            "is_parallel": true,
                                            "self": 0.033476622000000233,
                                            "children": {
                                                "steps_from_proto": {
                                                    "total": 0.0009429670000002943,
                                                    "count": 1,
                                                    "is_parallel": true,
                                                    "self": 0.0005390329999972465,
                                                    "children": {
                                                        "_process_vector_observation": {
                                                            "total": 0.0004039340000030478,
                                                            "count": 4,
                                                            "is_parallel": true,
                                                            "self": 0.0004039340000030478
                                                        }
                                                    }
                                                },
                                                "UnityEnvironment.step": {
                                                    "total": 0.04773297500000062,
                                                    "count": 3,
                                                    "is_parallel": true,
                                                    "self": 0.0003941209999993589,
                                                    "children": {
                                                        "UnityEnvironment._generate_step_input": {
                                                            "total": 0.00036656400000190104,
                                                            "count": 3,
                                                            "is_parallel": true,
                                                            "self": 0.00036656400000190104
                                                        },
                                                        "communicator.exchange": {
                                                            "total": 0.04573197699999909,
                                                            "count": 3,
                                                            "is_parallel": true,
                                                            "self": 0.04573197699999909
                                                        },
                                                        "steps_from_proto": {
                                                            "total": 0.0012403130000002704,
                                                            "count": 3,
                                                            "is_parallel": true,
                                                            "self": 0.0006225250000024829,
                                                            "children": {
                                                                "_process_vector_observation": {
                                                                    "total": 0.0006177879999977876,
                                                                    "count": 12,
                                                                    "is_parallel": true,
                                                                    "self": 0.0006177879999977876
                                                                }
                                                            }
                                                        }
                                                    }
                                                }
                                            }
                                        }
                                    }
                                }
                            }
                        }
                    }
                },
                "trainer_threads": {
                    "total": 3.2641000000666054e-05,
                    "count": 1,
                    "self": 3.2641000000666054e-05,
                    "children": {
                        "thread_root": {
                            "total": 0.0,
                            "count": 0,
                            "is_parallel": true,
                            "self": 0.0,
                            "children": {
                                "trainer_advance": {
                                    "total": 1.3623821479999059,