{
    "name": "root",
    "gauges": {
        "TestCarBehavior.Policy.Entropy.mean": {
            "value": 1.424486517906189,
            "min": 1.4204217195510864,
            "max": 1.424486517906189,
            "count": 4
        },
        "TestCarBehavior.Policy.ExtrinsicValueEstimate.mean": {
            "value": -64.11116790771484,
            "min": -64.11116790771484,
            "max": -20.253311157226562,
            "count": 4
        },
        "TestCarBehavior.Losses.PolicyLoss.mean": {
            "value": 0.023154520677344408,
            "min": 0.022225369915128492,
            "max": 0.026113094421756005,
            "count": 4
        },
        "TestCarBehavior.Losses.ValueLoss.mean": {
            "value": 638693908.6933334,
            "min": 638693908.6933334,
            "max": 890171044.8,
            "count": 4
        },
        "TestCarBehavior.Policy.LearningRate.mean": {
            "value": 0.0001948992350336,
            "min": 0.0001948992350336,
            "max": 0.000284544005152,
            "count": 4
        },
        "TestCarBehavior.Policy.Epsilon.mean": {
            "value": 0.1649664,
            "min": 0.1649664,
            "max": 0.19484800000000002,
            "count": 4
        },
        "TestCarBehavior.Policy.Beta.mean": {
            "value": 0.0032518233600000003,
            "min": 0.0032518233600000003,
            "max": 0.0047429151999999995,
            "count": 4
        },
        "TestCarBehavior.IsTraining.mean": {
            "value": 1.0,
            "min": 1.0,
            "max": 1.0,
            "count": 4
        }
    },
    "metadata": {
        "timer_format_version": "0.1.0",
        "start_time_seconds": "1610868761",
        "python_version": "3.8.1 (v3.8.1:1b293b6006, Dec 18 2019, 14:08:53) \n[Clang 6.0 (clang-600.0.57)]",
        "command_line_arguments": "/Library/Frameworks/Python.framework/Versions/3.8/bin/mlagents-learn --run-id=testcar029",
        "mlagents_version": "0.23.0",
        "mlagents_envs_version": "0.23.0",
        "communication_protocol_version": "1.3.0",
        "pytorch_version": "1.7.1",
        "numpy_version": "1.18.1",
        "end_time_seconds": "1610871688"
    },
    "total": 2926.856600854,
    "count": 1,
    "self": 0.004528388999915478,
    "children": {
        "run_training.setup": {
            "total": 0.02796074599999976,
            "count": 1,
            "self": 0.02796074599999976
        },
        "TrainerController.start_learning": {
            "total": 2926.824111719,
            "count": 1,
            "self": 6.785851017037203,
            "children": {
                "TrainerController._reset_env": {
                    "total": 8.370868487,
                    "count": 1,
                    "self": 8.370868487
                },
                "TrainerController.advance": {
                    "total": 2911.389898652963,
                    "count": 204820,
                    "self": 3.5515479129776395,
                    "children": {
                        "env_step": {
                            "total": 2907.8383507399853,
                            "count": 204820,
                            "self": 2177.2168934429046,
                            "children": {
                                "SubprocessEnvManager._take_step": {
                                    "total": 727.3444132889663,
                                    "count": 204820,
                                    "self": 17.958797960944025,
                                    "children": {
                                        "TorchPolicy.evaluate": {
                                            "total": 709.3856153280223,
                                            "count": 204820,
                                            "self": 181.91358624208544,
                                            "children": {
                                                "TorchPolicy.sample_actions": {
                                                    "total": 527.4720290859368,
                                                    "count": 204820,
                                                    "self": 527.4720290859368
                                                }
                                            }
                                        }
                                    }
                                },
                                "workers": {
                                    "total": 3.2770440081141885,
                                    "count": 204819,
                                    "self": 0.0,
                                    "children": {
                                        "worker_root": {
                                            "total": 2907.8969466390236,
                                            "count": 204819,
                                            "is_parallel": true,
                                            "self": 1021.8596056269928,
                                            "children": {
                                                "steps_from_proto": {
                                                    "total": 0.0005599169999985776,
                                                    "count": 1,
                                                    "is_parallel": true,
                                                    "self": 0.00025432399999836264,
                                                    "children": {
                                                        "_process_vector_observation": {
                                                            "total": 0.00030559300000021494,
                                                            "count": 4,
                                                            "is_parallel": true,
                                                            "self": 0.00030559300000021494
                                                        }
                                                    }
                                                },
                                                "UnityEnvironment.step": {
                                                    "total": 1886.0367810950308,
                                                    "count": 204819,
                                                    "is_parallel": true,
                                                    "self": 27.8949977088821,
                                                    "children": {
                                                        "UnityEnvironment._generate_step_input": {
                                                            "total": 20.595724007069993,
                                                            "count": 204819,
                                                            "is_parallel": true,
                                                            "self": 20.595724007069993
                                                        },
                                                        "communicator.exchange": {
                                                            "total": 1742.9803147260802,
                                                            "count": 204819,
                                                            "is_parallel": true,
                                                            "self": 1742.9803147260802
                                                        },
                                                        "steps_from_proto": {
                                                            "total": 94.5657446529986,
                                                            "count": 204819,
                                                            "is_parallel": true,
                                                            "self": 46.754733438054394,