{
    "name": "root",
    "metadata": {
        "timer_format_version": "0.1.0",
        "start_time_seconds": "1610775703",
        "python_version": "3.8.1 (v3.8.1:1b293b6006, Dec 18 2019, 14:08:53) \n[Clang 6.0 (clang-600.0.57)]",
        "command_line_arguments": "/Library/Frameworks/Python.framework/Versions/3.8/bin/mlagents-learn --run-id=testcar017",
        "mlagents_version": "0.23.0",
        "mlagents_envs_version": "0.23.0",
        "communication_protocol_version": "1.3.0",
        "pytorch_version": "1.7.1",
        "numpy_version": "1.18.1",
        "end_time_seconds": "1610775758"
    },
    "total": 55.619191985,
    "count": 1,
    "self": 0.007411102999995478,
    "children": {
        "run_training.setup": {
            "total": 0.02953195800000019,
            "count": 1,
            "self": 0.02953195800000019
        },
        "TrainerController.start_learning": {
            "total": 55.582248924000005,
            "count": 1,
            "self": 0.00916883900001153,
            "children": {
                "TrainerController._reset_env": {
                    "total": 4.105280618,
                    "count": 1,
                    "self": 4.105280618
                },
                "TrainerController.advance": {
                    "total": 51.253340030999986,
                    "count": 161,
                    "self": 0.004679463999970324,
                    "children": {
                        "env_step": {
                            "total": 51.248660567000016,
                            "count": 161,
                            "self": 50.47989765999995,
                            "children": {
                                "SubprocessEnvManager._take_step": {
                                    "total": 0.7650291680000079,
                                    "count": 161,
                                    "self": 0.017787262000017456,
                                    "children": {
                                        "TorchPolicy.evaluate": {
                                            "total": 0.7472419059999904,
                                            "count": 159,
                                            "self": 0.1862636270000193,
                                            "children": {
                                                "TorchPolicy.sample_actions": {
                                                    "total": 0.5609782789999711,
                                                    "count": 159,
                                                    "self": 0.5609782789999711
                                                }
                                            }
                                        }
                                    }
                                },
                                "workers": {
                                    "total": 0.0037337390000571347,
                                    "count": 160,
                                    "self": 0.0,
                                    "children": {
                                        "worker_root": {
                                            "total": 51.001816226999985,
                                            "count": 160,
                                            "is_parallel": true,
                                            "self": 1.110140156999961,
                                            "children": {
                                                "steps_from_proto": {
                                                    "total": 0.0006402039999997555,
                                                    "count": 1,
                                                    "is_parallel": true,
                                                    "self": 0.00030131299999958117,
                                                    "children": {
                                                        "_process_vector_observation": {
                                                            "total": 0.00033889100000017436,
                                                            "count": 4,
                                                            "is_parallel": true,
                                                            "self": 0.00033889100000017436
                                                        }
                                                    }
                                                },
                                                "UnityEnvironment.step": {
                                                    "total": 49.891035866000024,
                                                    "count": 160,
                                                    "is_parallel": true,
                                                    "self": 0.03562693699991826,
                                                    "children": {
                                                        "UnityEnvironment._generate_step_input": {
                                                            "total": 0.017189300000080898,
                                                            "count": 160,
                                                            "is_parallel": true,
                                                            "self": 0.017189300000080898
                                                        },
                                                        "communicator.exchange": {
                                                            "total": 49.69015258100001,
                                                            "count": 160,
                                                            "is_parallel": true,
                                                            "self": 49.69015258100001
                                                        },
                                                        "steps_from_proto": {
                                                            "total": 0.14806704800001924,
                                                            "count": 160,
                                                            "is_parallel": true,
                                                            "self": 0.07530147000006959,
                                                            "children": {
                                                                "_process_vector_observation": {
                                                                    "total": 0.07276557799994965,
                                                                    "count": 640,
                                                                    "is_parallel": true,
                                                                    "self": 0.07276557799994965
                                                                }
                                                            }
                                                        }
                                                    }
                                                }
                                            }
                                        }
                                    }
                                }
                            }
                        }
                    }
                },
                "trainer_threads": {
                    "total": 3.197900000628806e-05,
                    "count": 1,
                    "self": 3.197900000628806e-05,
                    "children": {
                        "thread_root": {
                            "total": 0.0,
                            "count": 0,
                            "is_parallel": true,
                            "self": 0.0,
                            "children": {
                                "trainer_advance": {
                                    "total": 47.384425183000566,