{
    "name": "root",
    "gauges": {
        "TestCarBehavior.Policy.Entropy.mean": {
            "value": 1.421517252922058,
            "min": 1.4194389581680298,
            "max": 1.4242510795593262,
            "count": 7
        },
        "TestCarBehavior.Policy.ExtrinsicValueEstimate.mean": {
            "value": -21.152873992919922,
            "min": -21.152873992919922,
            "max": -10.217761039733887,
            "count": 7
        },
        "TestCarBehavior.Losses.PolicyLoss.mean": {
            "value": 0.025212418278048668,
            "min": 0.02083003428391142,
            "max": 0.025212418278048668,
            "count": 7
        },
        "TestCarBehavior.Losses.ValueLoss.mean": {
            "value": 15322322.992117755,
            "min": 4853571.566935145,
            "max": 284016837.0625,
            "count": 7
        },
        "TestCarBehavior.Policy.LearningRate.mean": {
            "value": 0.0001052544649152,
            "min": 0.0001052544649152,
            "max": 0.000284544005152,
            "count": 7
        },
        "TestCarBehavior.Policy.Epsilon.mean": {
            "value": 0.1350848,
            "min": 0.1350848,
            "max": 0.19484800000000002,
            "count": 7
        },
        "TestCarBehavior.Policy.Beta.mean": {
            "value": 0.00176073152,
            "min": 0.00176073152,
            "max": 0.0047429151999999995,
            "count": 7
        },
        "TestCarBehavior.IsTraining.mean": {
            "value": 1.0,
            "min": 1.0,
            "max": 1.0,
            "count": 7
        }
    },
    "metadata": {
        "timer_format_version": "0.1.0",
        "start_time_seconds": "1610861288",
        "python_version": "3.8.1 (v3.8.1:1b293b6006, Dec 18 2019, 14:08:53) \n[Clang 6.0 (clang-600.0.57)]",
        "command_line_arguments": "/Library/Frameworks/Python.framework/Versions/3.8/bin/mlagents-learn --run-id=testcar028",
        "mlagents_version": "0.23.0",
        "mlagents_envs_version": "0.23.0",
        "communication_protocol_version": "1.3.0",
        "pytorch_version": "1.7.1",
        "numpy_version": "1.18.1",
        "end_time_seconds": "1610868693"
    },
    "total": 7404.679487051,
    "count": 1,
    "self": 0.006804597000154899,
    "children": {
        "run_training.setup": {
            "total": 0.07099751300000001,
            "count": 1,
            "self": 0.07099751300000001
        },
        "TrainerController.start_learning": {
            "total": 7404.601684941,
            "count": 1,
            "self": 11.297033534030561,
            "children": {
                "TrainerController._reset_env": {
                    "total": 7.718885004,
                    "count": 1,
                    "self": 7.718885004
                },
                "TrainerController.advance": {
                    "total": 7385.351078288969,
                    "count": 363807,
                    "self": 8.353987425062769,
                    "children": {
                        "env_step": {
                            "total": 7376.997090863906,
                            "count": 363807,
                            "self": 6022.6521796702245,
                            "children": {
                                "SubprocessEnvManager._take_step": {
                                    "total": 1348.1134642086965,
                                    "count": 363807,
                                    "self": 34.45370718396066,
                                    "children": {
                                        "TorchPolicy.evaluate": {
                                            "total": 1313.6597570247359,
                                            "count": 363807,
                                            "self": 341.42651086469255,
                                            "children": {
                                                "TorchPolicy.sample_actions": {
                                                    "total": 972.2332461600433,
                                                    "count": 363806,
                                                    "self": 972.2332461600433
                                                }
                                            }
                                        }
                                    }
                                },
                                "workers": {
                                    "total": 6.231446984984956,
                                    "count": 363806,
                                    "self": 0.0,
                                    "children": {
                                        "worker_root": {
                                            "total": 7375.736255793894,
                                            "count": 363806,
                                            "is_parallel": true,
                                            "self": 1909.505083100058,
                                            "children": {
                                                "steps_from_proto": {
                                                    "total": 0.0006151169999997208,
                                                    "count": 1,
                                                    "is_parallel": true,
                                                    "self": 0.000279410000000091,
                                                    "children": {
                                                        "_process_vector_observation": {
                                                            "total": 0.00033570699999962983,
                                                            "count": 4,
                                                            "is_parallel": true,
                                                            "self": 0.00033570699999962983
                                                        }
                                                    }
                                                },
                                                "UnityEnvironment.step": {
                                                    "total": 5466.230557576836,
                                                    "count": 363806,
                                                    "is_parallel": true,
                                                    "self": 58.40358601593289,
                                                    "children": {
                                                        "UnityEnvironment._generate_step_input": {
                                                            "total": 40.07581065601828,
                                                            "count": 363806,
                                                            "is_parallel": true,
                                                            "self": 40.07581065601828
                                                        },
                                                        "communicator.exchange": {
                                                            "total": 5164.246035954883,
                                                            "count": 363806,
                                                            "is_parallel": true,
                                                            "self": 5164.246035954883
                                                        },
                                                        "steps_from_proto": {
                                                            "total": 203.50512495000163,
                                                            "count": 363806,
                                                            "is_parallel": true,
                                                            "self": 100.42491945501993,