{
    "name": "root",
    "metadata": {
        "timer_format_version": "0.1.0",
        "start_time_seconds": "1610771478",
        "python_version": "3.8.1 (v3.8.1:1b293b6006, Dec 18 2019, 14:08:53) \n[Clang 6.0 (clang-600.0.57)]",
        "command_line_arguments": "/Library/Frameworks/Python.framework/Versions/3.8/bin/mlagents-learn --run-id=testcar009",
        "mlagents_version": "0.23.0",
        "mlagents_envs_version": "0.23.0",
        "communication_protocol_version": "1.3.0",
        "pytorch_version": "1.7.1",
        "numpy_version": "1.18.1",
        "end_time_seconds": "1610772993"
    },
    "total": 1276.570233653,
    "count": 1,
    "self": 0.00730232200021419,
    "children": {
        "run_training.setup": {
            "total": 0.027684429000000232,
            "count": 1,
            "self": 0.027684429000000232
        },
        "TrainerController.start_learning": {
            "total": 1276.535246902,
            "count": 1,
            "self": 0.11277534899659258,
            "children": {
                "TrainerController._reset_env": {
                    "total": 6.930421105000001,
                    "count": 1,
                    "self": 6.930421105000001
                },
                "TrainerController.advance": {
                    "total": 1269.1769405060033,
                    "count": 3021,
                    "self": 0.07425292700554564,
                    "children": {
                        "env_step": {
                            "total": 1269.1026875789978,
                            "count": 3021,
                            "self": 1257.5450271649936,
                            "children": {
                                "SubprocessEnvManager._take_step": {
                                    "total": 11.501837252001021,
                                    "count": 3021,
                                    "self": 0.31868972300138765,
                                    "children": {
                                        "TorchPolicy.evaluate": {
                                            "total": 11.183147528999633,
                                            "count": 3021,
                                            "self": 2.957664506997821,
                                            "children": {
                                                "TorchPolicy.sample_actions": {
                                                    "total": 8.225483022001812,
                                                    "count": 3021,
                                                    "self": 8.225483022001812
                                                }
                                            }
                                        }
                                    }
                                },
                                "workers": {
                                    "total": 0.05582316200310977,
                                    "count": 3020,
                                    "self": 0.0,
                                    "children": {
                                        "worker_root": {
                                            "total": 1268.9277986069997,
                                            "count": 3020,
                                            "is_parallel": true,
                                            "self": 16.732298797998737,
                                            "children": {
                                                "steps_from_proto": {
                                                    "total": 0.0005354869999996126,
                                                    "count": 1,
                                                    "is_parallel": true,
                                                    "self": 0.0002935770000007665,
                                                    "children": {
                                                        "_process_vector_observation": {
                                                            "total": 0.0002419099999988461,
                                                            "count": 2,
                                                            "is_parallel": true,
                                                            "self": 0.0002419099999988461
                                                        }
                                                    }
                                                },
                                                "UnityEnvironment.step": {
                                                    "total": 1252.194964322001,
                                                    "count": 3020,
                                                    "is_parallel": true,
                                                    "self": 0.5430766100002984,
                                                    "children": {
                                                        "UnityEnvironment._generate_step_input": {
                                                            "total": 0.336618697999465,
                                                            "count": 3020,
                                                            "is_parallel": true,
                                                            "self": 0.336618697999465
                                                        },
                                                        "communicator.exchange": {
                                                            "total": 1249.684930644002,
                                                            "count": 3020,
                                                            "is_parallel": true,
                                                            "self": 1249.684930644002
                                                        },
                                                        "steps_from_proto": {
                                                            "total": 1.630338369999114,
                                                            "count": 3020,
                                                            "is_parallel": true,
                                                            "self": 0.9973553430002511,
                                                            "children": {
                                                                "_process_vector_observation": {
                                                                    "total": 0.632983026998863,
                                                                    "count": 6040,
                                                                    "is_parallel": true,
                                                                    "self": 0.632983026998863
                                                                }
                                                            }
                                                        }
                                                    }
                                                }
                                            }
                                        }
                                    }
                                }
                            }
                        }
                    }
                },
                "trainer_threads": {
                    "total": 0.00013406199991550238,
                    "count": 1,
                    "self": 0.00013406199991550238,
                    "children": {
                        "thread_root": {
                            "total": 0.0,
                            "count": 0,
                            "is_parallel": true,
                            "self": 0.0,
                            "children": {
                                "trainer_advance": {
                                    "total": 1174.034043941986,