{
    "name": "root",
    "metadata": {
        "timer_format_version": "0.1.0",
        "start_time_seconds": "1610761436",
        "python_version": "3.8.1 (v3.8.1:1b293b6006, Dec 18 2019, 14:08:53) \n[Clang 6.0 (clang-600.0.57)]",
        "command_line_arguments": "/Library/Frameworks/Python.framework/Versions/3.8/bin/mlagents-learn --run-id=testcar005",
        "mlagents_version": "0.23.0",
        "mlagents_envs_version": "0.23.0",
        "communication_protocol_version": "1.3.0",
        "pytorch_version": "1.7.1",
        "numpy_version": "1.18.1",
        "end_time_seconds": "1610761571"
    },
    "total": 135.044888354,
    "count": 1,
    "self": 0.004584405000002789,
    "children": {
        "run_training.setup": {
            "total": 0.03056088999999984,
            "count": 1,
            "self": 0.03056088999999984
        },
        "TrainerController.start_learning": {
            "total": 135.009743059,
            "count": 1,
            "self": 0.014781087999978126,
            "children": {
                "TrainerController._reset_env": {
                    "total": 9.744878480999999,
                    "count": 1,
                    "self": 9.744878480999999
                },
                "TrainerController.advance": {
                    "total": 124.92920276700002,
                    "count": 380,
                    "self": 0.008785400999840931,
                    "children": {
                        "env_step": {
                            "total": 124.92041736600018,
                            "count": 380,
                            "self": 123.35438109000053,
                            "children": {
                                "SubprocessEnvManager._take_step": {
                                    "total": 1.558257412999728,
                                    "count": 380,
                                    "self": 0.049334652999606377,
                                    "children": {
                                        "TorchPolicy.evaluate": {
                                            "total": 1.5089227600001216,
                                            "count": 380,
                                            "self": 0.3762561470000225,
                                            "children": {
                                                "TorchPolicy.sample_actions": {
                                                    "total": 1.132666613000099,
                                                    "count": 380,
                                                    "self": 1.132666613000099
                                                }
                                            }
                                        }
                                    }
                                },
                                "workers": {
                                    "total": 0.007778862999918701,
                                    "count": 379,
                                    "self": 0.0,
                                    "children": {
                                        "worker_root": {
                                            "total": 124.61656414099997,
                                            "count": 379,
                                            "is_parallel": true,
                                            "self": 2.34096576100022,
                                            "children": {
                                                "steps_from_proto": {
                                                    "total": 0.0038279189999990137,
                                                    "count": 1,
                                                    "is_parallel": true,
                                                    "self": 0.002181025999998809,
                                                    "children": {
                                                        "_process_vector_observation": {
                                                            "total": 0.0016468930000002047,
                                                            "count": 2,
                                                            "is_parallel": true,
                                                            "self": 0.0016468930000002047
                                                        }
                                                    }
                                                },
                                                "UnityEnvironment.step": {
                                                    "total": 122.27177046099975,
                                                    "count": 379,
                                                    "is_parallel": true,
                                                    "self": 0.09125869799979114,
                                                    "children": {
                                                        "UnityEnvironment._generate_step_input": {
                                                            "total": 0.04925472599998315,
                                                            "count": 379,
                                                            "is_parallel": true,
                                                            "self": 0.04925472599998315
                                                        },
                                                        "communicator.exchange": {
                                                            "total": 121.85555762699985,
                                                            "count": 379,
                                                            "is_parallel": true,
                                                            "self": 121.85555762699985
                                                        },
                                                        "steps_from_proto": {
                                                            "total": 0.27569941000011156,
                                                            "count": 379,
                                                            "is_parallel": true,
                                                            "self": 0.16947564300006945,
                                                            "children": {
                                                                "_process_vector_observation": {
                                                                    "total": 0.1062237670000421,
                                                                    "count": 758,
                                                                    "is_parallel": true,
                                                                    "self": 0.1062237670000421
                                                                }
                                                            }
                                                        }
                                                    }
                                                }
                                            }
                                        }
                                    }
                                }
                            }
                        }
                    }
                },
                "trainer_threads": {
                    "total": 3.9284999985511604e-05,
                    "count": 1,
                    "self": 3.9284999985511604e-05,
                    "children": {
                        "thread_root": {
                            "total": 0.0,
                            "count": 0,
                            "is_parallel": true,
                            "self": 0.0,
                            "children": {
                                "trainer_advance": {
                                    "total": 114.9311945209974,