{
    "name": "root",
    "metadata": {
        "timer_format_version": "0.1.0",
        "start_time_seconds": "1612574320",
        "python_version": "3.8.1 (v3.8.1:1b293b6006, Dec 18 2019, 14:08:53) \n[Clang 6.0 (clang-600.0.57)]",
        "command_line_arguments": "/Library/Frameworks/Python.framework/Versions/3.8/bin/mlagents-learn --run-id=testcar102",
        "mlagents_version": "0.23.0",
        "mlagents_envs_version": "0.23.0",
        "communication_protocol_version": "1.3.0",
        "pytorch_version": "1.7.1",
        "numpy_version": "1.18.1",
        "end_time_seconds": "1612574361"
    },
    "total": 41.351180212,
    "count": 1,
    "self": 0.007212638000005711,
    "children": {
        "run_training.setup": {
            "total": 0.01883956600000003,
            "count": 1,
            "self": 0.01883956600000003
        },
        "TrainerController.start_learning": {
            "total": 41.325128008,
            "count": 1,
            "self": 0.04222283800004334,
            "children": {
                "TrainerController._reset_env": {
                    "total": 9.286150608,
                    "count": 1,
                    "self": 9.286150608
                },
                "TrainerController.advance": {
                    "total": 31.736358091999964,
                    "count": 1244,
                    "self": 0.026887481999899876,
                    "children": {
                        "env_step": {
                            "total": 31.709470610000064,
                            "count": 1244,
                            "self": 26.856809245999948,
                            "children": {
                                "SubprocessEnvManager._take_step": {
                                    "total": 4.831309961000061,
                                    "count": 1244,
                                    "self": 0.12462071200015501,
                                    "children": {
                                        "TorchPolicy.evaluate": {
                                            "total": 4.706689248999906,
                                            "count": 1241,
                                            "self": 1.183472366999906,
                                            "children": {
                                                "TorchPolicy.sample_actions": {
                                                    "total": 3.523216882,
                                                    "count": 1241,
                                                    "self": 3.523216882
                                                }
                                            }
                                        }
                                    }
                                },
                                "workers": {
                                    "total": 0.021351403000057445,
                                    "count": 1243,
                                    "self": 0.0,
                                    "children": {
                                        "worker_root": {
                                            "total": 31.69004994200004,
                                            "count": 1243,
                                            "is_parallel": true,
                                            "self": 6.852458011000106,
                                            "children": {
                                                "steps_from_proto": {
                                                    "total": 0.0005992849999998384,
                                                    "count": 1,
                                                    "is_parallel": true,
                                                    "self": 0.0002895880000011175,
                                                    "children": {
                                                        "_process_vector_observation": {
                                                            "total": 0.0003096969999987209,
                                                            "count": 4,
                                                            "is_parallel": true,
                                                            "self": 0.0003096969999987209
                                                        }
                                                    }
                                                },
                                                "UnityEnvironment.step": {
                                                    "total": 24.836992645999935,
                                                    "count": 1243,
                                                    "is_parallel": true,
                                                    "self": 0.22351971399979575,
                                                    "children": {
                                                        "UnityEnvironment._generate_step_input": {
                                                            "total": 0.15373486499999167,
                                                            "count": 1243,
                                                            "is_parallel": true,
                                                            "self": 0.15373486499999167
                                                        },
                                                        "communicator.exchange": {
                                                            "total": 23.708943288000057,
                                                            "count": 1243,
                                                            "is_parallel": true,
                                                            "self": 23.708943288000057
                                                        },
                                                        "steps_from_proto": {
                                                            "total": 0.750794779000092,
                                                            "count": 1243,
                                                            "is_parallel": true,
                                                            "self": 0.37566664099982816,
                                                            "children": {
                                                                "_process_vector_observation": {
                                                                    "total": 0.3751281380002638,
                                                                    "count": 4972,
                                                                    "is_parallel": true,
                                                                    "self": 0.3751281380002638
                                                                }
                                                            }
                                                        }
                                                    }
                                                }
                                            }
                                        }
                                    }
                                }
                            }
                        }
                    }
                },
                "trainer_threads": {
                    "total": 3.31019999961768e-05,
                    "count": 1,
                    "self": 3.31019999961768e-05,
                    "children": {
                        "thread_root": {
                            "total": 0.0,
                            "count": 0,
                            "is_parallel": true,
                            "self": 0.0,
                            "children": {
                                "trainer_advance": {
                                    "total": 29.388676142000193,
                                    "count": 122794,