{
    "name": "root",
    "metadata": {
        "timer_format_version": "0.1.0",
        "start_time_seconds": "1610859120",
        "python_version": "3.8.1 (v3.8.1:1b293b6006, Dec 18 2019, 14:08:53) \n[Clang 6.0 (clang-600.0.57)]",
        "command_line_arguments": "/Library/Frameworks/Python.framework/Versions/3.8/bin/mlagents-learn --run-id=testcar021",
        "mlagents_version": "0.23.0",
        "mlagents_envs_version": "0.23.0",
        "communication_protocol_version": "1.3.0",
        "pytorch_version": "1.7.1",
        "numpy_version": "1.18.1",
        "end_time_seconds": "1610859168"
    },
    "total": 48.347096220000005,
    "count": 1,
    "self": 0.007265393000004394,
    "children": {
        "run_training.setup": {
            "total": 0.023432125000000026,
            "count": 1,
            "self": 0.023432125000000026
        },
        "TrainerController.start_learning": {
            "total": 48.316398702,
            "count": 1,
            "self": 0.00870680899998888,
            "children": {
                "TrainerController._reset_env": {
                    "total": 6.706521118,
                    "count": 1,
                    "self": 6.706521118
                },
                "TrainerController.advance": {
                    "total": 41.38750620200002,
                    "count": 205,
                    "self": 0.004841267000045946,
                    "children": {
                        "env_step": {
                            "total": 41.38266493499997,
                            "count": 205,
                            "self": 40.50921627999993,
                            "children": {
                                "SubprocessEnvManager._take_step": {
                                    "total": 0.8694774210000258,
                                    "count": 205,
                                    "self": 0.023327108000028574,
                                    "children": {
                                        "TorchPolicy.evaluate": {
                                            "total": 0.8461503129999972,
                                            "count": 204,
                                            "self": 0.21443041200004842,
                                            "children": {
                                                "TorchPolicy.sample_actions": {
                                                    "total": 0.6317199009999488,
                                                    "count": 204,
                                                    "self": 0.6317199009999488
                                                }
                                            }
                                        }
                                    }
                                },
                                "workers": {
                                    "total": 0.003971234000017532,
                                    "count": 204,
                                    "self": 0.0,
                                    "children": {
                                        "worker_root": {
                                            "total": 41.221604752000026,
                                            "count": 204,
                                            "is_parallel": true,
                                            "self": 1.290390936000037,
                                            "children": {
                                                "steps_from_proto": {
                                                    "total": 0.0009351650000004597,
                                                    "count": 1,
                                                    "is_parallel": true,
                                                    "self": 0.000371834000000959,
                                                    "children": {
                                                        "_process_vector_observation": {
                                                            "total": 0.0005633309999995006,
                                                            "count": 4,
                                                            "is_parallel": true,
                                                            "self": 0.0005633309999995006
                                                        }
                                                    }
                                                },
                                                "UnityEnvironment.step": {
                                                    "total": 39.93027865099999,
                                                    "count": 204,
                                                    "is_parallel": true,
                                                    "self": 0.04763619799993535,
                                                    "children": {
                                                        "UnityEnvironment._generate_step_input": {
                                                            "total": 0.024652752999999805,
                                                            "count": 204,
                                                            "is_parallel": true,
                                                            "self": 0.024652752999999805
                                                        },
                                                        "communicator.exchange": {
                                                            "total": 39.685280142999986,
                                                            "count": 204,
                                                            "is_parallel": true,
                                                            "self": 39.685280142999986
                                                        },
                                                        "steps_from_proto": {
                                                            "total": 0.1727095570000703,
                                                            "count": 204,
                                                            "is_parallel": true,
                                                            "self": 0.0881743950000855,
                                                            "children": {
                                                                "_process_vector_observation": {
                                                                    "total": 0.08453516199998479,
                                                                    "count": 816,
                                                                    "is_parallel": true,
                                                                    "self": 0.08453516199998479
                                                                }
                                                            }
                                                        }
                                                    }
                                                }
                                            }
                                        }
                                    }
                                }
                            }
                        }
                    }
                },
                "trainer_threads": {
                    "total": 2.861299999779021e-05,
                    "count": 1,
                    "self": 2.861299999779021e-05,
                    "children": {
                        "thread_root": {
                            "total": 0.0,
                            "count": 0,
                            "is_parallel": true,
                            "self": 0.0,
                            "children": {
                                "trainer_advance": {
                                    "total": 38.238258893000776,