{
    "name": "root",
    "gauges": {
        "TestCarBehavior.Policy.Entropy.mean": {
            "value": 1.419710636138916,
            "min": 1.4184287786483765,
            "max": 1.419710636138916,
            "count": 3
        },
        "TestCarBehavior.Policy.ExtrinsicValueEstimate.mean": {
            "value": -95.10240936279297,
            "min": -95.10240936279297,
            "max": -20.547626495361328,
            "count": 3
        },
        "TestCarBehavior.Environment.EpisodeLength.mean": {
            "value": 507.5742574257426,
            "min": 184.86617100371748,
            "max": 507.5742574257426,
            "count": 3
        },
        "TestCarBehavior.Environment.CumulativeReward.mean": {
            "value": -100006.24752475247,
            "min": -100006.24752475247,
            "max": -100000.03345724907,
            "count": 3
        },
        "TestCarBehavior.Policy.ExtrinsicReward.mean": {
            "value": -100006.24752475247,
            "min": -100006.24752475247,
            "max": -100000.03345724907,
            "count": 3
        },
        "TestCarBehavior.Losses.PolicyLoss.mean": {
            "value": 0.02262427522102371,
            "min": 0.02262427522102371,
            "max": 0.023650745199120138,
            "count": 3
        },
        "TestCarBehavior.Losses.ValueLoss.mean": {
            "value": 133750218.06666665,
            "min": 133750218.06666665,
            "max": 456008491.46666664,
            "count": 3
        },
        "TestCarBehavior.Policy.LearningRate.mean": {
            "value": 0.00022607006464332,
            "min": 0.00022607006464332,
            "max": 0.00028459695513435,
            "count": 3
        },
        "TestCarBehavior.Policy.Epsilon.mean": {
            "value": 0.17535668000000001,
            "min": 0.17535668000000001,
            "max": 0.19486565,
            "count": 3
        },
        "TestCarBehavior.Policy.Beta.mean": {
            "value": 0.003770298332,
            "min": 0.003770298332,
            "max": 0.004743795935,
            "count": 3
        },
        "TestCarBehavior.IsTraining.mean": {
            "value": 1.0,
            "min": 1.0,
            "max": 1.0,
            "count": 3
        }
    },
    "metadata": {
        "timer_format_version": "0.1.0",
        "start_time_seconds": "1610932896",
        "python_version": "3.8.1 (v3.8.1:1b293b6006, Dec 18 2019, 14:08:53) \n[Clang 6.0 (clang-600.0.57)]",
        "command_line_arguments": "/Library/Frameworks/Python.framework/Versions/3.8/bin/mlagents-learn --run-id=testcar031",
        "mlagents_version": "0.23.0",
        "mlagents_envs_version": "0.23.0",
        "communication_protocol_version": "1.3.0",
        "pytorch_version": "1.7.1",
        "numpy_version": "1.18.1",
        "end_time_seconds": "1610944036"
    },
    "total": 11138.554744373,
    "count": 1,
    "self": 0.00876570399850607,
    "children": {
        "run_training.setup": {
            "total": 0.027924619999999845,
            "count": 1,
            "self": 0.027924619999999845
        },
        "TrainerController.start_learning": {
            "total": 11138.518054049,
            "count": 1,
            "self": 7.542491280230024,
            "children": {
                "TrainerController._reset_env": {
                    "total": 7.836601645,
                    "count": 1,
                    "self": 7.836601645
                },
                "TrainerController.advance": {
                    "total": 11122.778442100771,
                    "count": 169285,
                    "self": 4.155950008733271,
                    "children": {
                        "env_step": {
                            "total": 11118.622492092038,
                            "count": 169285,
                            "self": 10417.871146890177,
                            "children": {
                                "SubprocessEnvManager._take_step": {
                                    "total": 696.7387457958225,
                                    "count": 169285,
                                    "self": 21.12171419492347,
                                    "children": {
                                        "TorchPolicy.evaluate": {
                                            "total": 675.617031600899,
                                            "count": 168861,
                                            "self": 174.03536847796306,
                                            "children": {
                                                "TorchPolicy.sample_actions": {
                                                    "total": 501.581663122936,
                                                    "count": 168861,
                                                    "self": 501.581663122936
                                                }
                                            }
                                        }
                                    }
                                },
                                "workers": {
                                    "total": 4.012599406038577,
                                    "count": 169284,
                                    "self": 0.0,
                                    "children": {
                                        "worker_root": {
                                            "total": 11117.096527697082,
                                            "count": 169284,
                                            "is_parallel": true,
                                            "self": 1042.3865931451455,
                                            "children": {
                                                "steps_from_proto": {
                                                    "total": 0.0006475339999996166,
                                                    "count": 1,
                                                    "is_parallel": true,
                                                    "self": 0.0003012569999993886,
                                                    "children": {
                                                        "_process_vector_observation": {
                                                            "total": 0.000346277000000228,
                                                            "count": 4,
                                                            "is_parallel": true,
                                                            "self": 0.000346277000000228
                                                        }
                                                    }
                                                },
                                                "UnityEnvironment.step": {
                                                    "total": 10074.709287017937,
                                                    "count": 169284,
                                                    "is_parallel": true,
                                                    "self": 36.21593920698251,
                                                    "children": {
                                                        "UnityEnvironment._generate_step_input": {
                                                            "total": 25.196175205084817,
                                                            "count": 169284,
                                                            "is_parallel": true,
                                                            "self": 25.196175205084817
                                                        },
                                                        "communicator.exchange": {
                                                            "total": 9885.532985087795,
                                                            "count": 169284,
                                                            "is_parallel": true,