{
    "name": "root",
    "metadata": {
        "timer_format_version": "0.1.0",
        "start_time_seconds": "1610775175",
        "python_version": "3.8.1 (v3.8.1:1b293b6006, Dec 18 2019, 14:08:53) \n[Clang 6.0 (clang-600.0.57)]",
        "command_line_arguments": "/Library/Frameworks/Python.framework/Versions/3.8/bin/mlagents-learn --run-id=testcar012",
        "mlagents_version": "0.23.0",
        "mlagents_envs_version": "0.23.0",
        "communication_protocol_version": "1.3.0",
        "pytorch_version": "1.7.1",
        "numpy_version": "1.18.1",
        "end_time_seconds": "1610775187"
    },
    "total": 12.149257390999999,
    "count": 1,
    "self": 0.006639768999997742,
    "children": {
        "run_training.setup": {
            "total": 0.0238932700000003,
            "count": 1,
            "self": 0.0238932700000003
        },
        "TrainerController.start_learning": {
            "total": 12.118724352000001,
            "count": 1,
            "self": 0.0025031530000099167,
            "children": {
                "TrainerController._reset_env": {
                    "total": 4.0806009979999995,
                    "count": 1,
                    "self": 4.0806009979999995
                },
                "TrainerController.advance": {
                    "total": 7.769254265999991,
                    "count": 49,
                    "self": 0.0012488409999900085,
                    "children": {
                        "env_step": {
                            "total": 7.768005425000001,
                            "count": 49,
                            "self": 7.516903201999998,
                            "children": {
                                "SubprocessEnvManager._take_step": {
                                    "total": 0.2502477279999997,
                                    "count": 49,
                                    "self": 0.005964413999993923,
                                    "children": {
                                        "TorchPolicy.evaluate": {
                                            "total": 0.2442833140000058,
                                            "count": 49,
                                            "self": 0.054207038000003926,
                                            "children": {
                                                "TorchPolicy.sample_actions": {
                                                    "total": 0.19007627600000188,
                                                    "count": 49,
                                                    "self": 0.19007627600000188
                                                }
                                            }
                                        }
                                    }
                                },
                                "workers": {
                                    "total": 0.0008544950000031193,
                                    "count": 48,
                                    "self": 0.0,
                                    "children": {
                                        "worker_root": {
                                            "total": 7.7602104019999985,
                                            "count": 48,
                                            "is_parallel": true,
                                            "self": 0.3728126899999973,
                                            "children": {
                                                "steps_from_proto": {
                                                    "total": 0.0012297440000006432,
                                                    "count": 1,
                                                    "is_parallel": true,
                                                    "self": 0.0006243360000004472,
                                                    "children": {
                                                        "_process_vector_observation": {
                                                            "total": 0.000605408000000196,
                                                            "count": 4,
                                                            "is_parallel": true,
                                                            "self": 0.000605408000000196
                                                        }
                                                    }
                                                },
                                                "UnityEnvironment.step": {
                                                    "total": 7.3861679680000005,
                                                    "count": 48,
                                                    "is_parallel": true,
                                                    "self": 0.0086442710000032,
                                                    "children": {
                                                        "UnityEnvironment._generate_step_input": {
                                                            "total": 0.005831716999999514,
                                                            "count": 48,
                                                            "is_parallel": true,
                                                            "self": 0.005831716999999514
                                                        },
                                                        "communicator.exchange": {
                                                            "total": 7.3378229419999945,
                                                            "count": 48,
                                                            "is_parallel": true,
                                                            "self": 7.3378229419999945
                                                        },
                                                        "steps_from_proto": {
                                                            "total": 0.03386903800000329,
                                                            "count": 48,
                                                            "is_parallel": true,
                                                            "self": 0.01685623000000369,
                                                            "children": {
                                                                "_process_vector_observation": {
                                                                    "total": 0.017012807999999602,
                                                                    "count": 192,
                                                                    "is_parallel": true,
                                                                    "self": 0.017012807999999602
                                                                }
                                                            }
                                                        }
                                                    }
                                                }
                                            }
                                        }
                                    }
                                }
                            }
                        }
                    }
                },
                "trainer_threads": {
                    "total": 3.372399999967968e-05,
                    "count": 1,
                    "self": 3.372399999967968e-05,
                    "children": {
                        "thread_root": {
                            "total": 0.0,
                            "count": 0,
                            "is_parallel": true,
                            "self": 0.0,
                            "children": {
                                "trainer_advance": {
                                    "total": 7.148616671000131,