{
    "name": "root",
    "metadata": {
        "timer_format_version": "0.1.0",
        "start_time_seconds": "1610859718",
        "python_version": "3.8.1 (v3.8.1:1b293b6006, Dec 18 2019, 14:08:53) \n[Clang 6.0 (clang-600.0.57)]",
        "command_line_arguments": "/Library/Frameworks/Python.framework/Versions/3.8/bin/mlagents-learn --run-id=testcar023",
        "mlagents_version": "0.23.0",
        "mlagents_envs_version": "0.23.0",
        "communication_protocol_version": "1.3.0",
        "pytorch_version": "1.7.1",
        "numpy_version": "1.18.1",
        "end_time_seconds": "1610859851"
    },
    "total": 133.422807723,
    "count": 1,
    "self": 0.0060949340000036045,
    "children": {
        "run_training.setup": {
            "total": 0.024445871999999813,
            "count": 1,
            "self": 0.024445871999999813
        },
        "TrainerController.start_learning": {
            "total": 133.392266917,
            "count": 1,
            "self": 0.14899140600007854,
            "children": {
                "TrainerController._reset_env": {
                    "total": 6.6493534819999995,
                    "count": 1,
                    "self": 6.6493534819999995
                },
                "TrainerController.advance": {
                    "total": 126.34356372899994,
                    "count": 4498,
                    "self": 0.0867433749998554,
                    "children": {
                        "env_step": {
                            "total": 126.25682035400008,
                            "count": 4498,
                            "self": 110.27022205700057,
                            "children": {
                                "SubprocessEnvManager._take_step": {
                                    "total": 15.915571384999318,
                                    "count": 4498,
                                    "self": 0.42260004399931894,
                                    "children": {
                                        "TorchPolicy.evaluate": {
                                            "total": 15.492971340999999,
                                            "count": 4498,
                                            "self": 4.070678481999764,
                                            "children": {
                                                "TorchPolicy.sample_actions": {
                                                    "total": 11.422292859000235,
                                                    "count": 4498,
                                                    "self": 11.422292859000235
                                                }
                                            }
                                        }
                                    }
                                },
                                "workers": {
                                    "total": 0.07102691200019606,
                                    "count": 4497,
                                    "self": 0.0,
                                    "children": {
                                        "worker_root": {
                                            "total": 126.00234182299923,
                                            "count": 4497,
                                            "is_parallel": true,
                                            "self": 22.564594703999603,
                                            "children": {
                                                "steps_from_proto": {
                                                    "total": 0.0005523619999996399,
                                                    "count": 1,
                                                    "is_parallel": true,
                                                    "self": 0.0002632229999983693,
                                                    "children": {
                                                        "_process_vector_observation": {
                                                            "total": 0.0002891390000012706,
                                                            "count": 4,
                                                            "is_parallel": true,
                                                            "self": 0.0002891390000012706
                                                        }
                                                    }
                                                },
                                                "UnityEnvironment.step": {
                                                    "total": 103.43719475699963,
                                                    "count": 4497,
                                                    "is_parallel": true,
                                                    "self": 0.6515086779999422,
                                                    "children": {
                                                        "UnityEnvironment._generate_step_input": {
                                                            "total": 0.47622982799992375,
                                                            "count": 4497,
                                                            "is_parallel": true,
                                                            "self": 0.47622982799992375
                                                        },
                                                        "communicator.exchange": {
                                                            "total": 100.09906144399997,
                                                            "count": 4497,
                                                            "is_parallel": true,
                                                            "self": 100.09906144399997
                                                        },
                                                        "steps_from_proto": {
                                                            "total": 2.2103948069997914,
                                                            "count": 4497,
                                                            "is_parallel": true,
                                                            "self": 1.0952400459993434,
                                                            "children": {
                                                                "_process_vector_observation": {
                                                                    "total": 1.115154761000448,
                                                                    "count": 17988,
                                                                    "is_parallel": true,
                                                                    "self": 1.115154761000448
                                                                }
                                                            }
                                                        }
                                                    }
                                                }
                                            }
                                        }
                                    }
                                }
                            }
                        }
                    }
                },
                "trainer_threads": {
                    "total": 2.9104999981655055e-05,
                    "count": 1,
                    "self": 2.9104999981655055e-05,
                    "children": {
                        "thread_root": {
                            "total": 0.0,
                            "count": 0,
                            "is_parallel": true,
                            "self": 0.0,
                            "children": {
                                "trainer_advance": {
                                    "total": 117.36088329500062,