{
    "name": "root",
    "gauges": {
        "TestCarBehavior.Policy.Entropy.mean": {
            "value": 1.429325819015503,
            "min": 1.4182467460632324,
            "max": 1.429325819015503,
            "count": 10
        },
        "TestCarBehavior.Policy.ExtrinsicValueEstimate.mean": {
            "value": -138.86383056640625,
            "min": -156.9331817626953,
            "max": -4.666977405548096,
            "count": 10
        },
        "TestCarBehavior.Environment.EpisodeLength.mean": {
            "value": 16589.666666666668,
            "min": 87.64120781527531,
            "max": 16589.666666666668,
            "count": 10
        },
        "TestCarBehavior.Environment.CumulativeReward.mean": {
            "value": -1000000.0,
            "min": -1000000.0,
            "max": -1000000.0,
            "count": 10
        },
        "TestCarBehavior.Policy.ExtrinsicReward.mean": {
            "value": -1000000.0,
            "min": -1000000.0,
            "max": -1000000.0,
            "count": 10
        },
        "TestCarBehavior.Losses.PolicyLoss.mean": {
            "value": 0.024460149025544522,
            "min": 0.0209245063839262,
            "max": 0.024523035899716585,
            "count": 10
        },
        "TestCarBehavior.Losses.ValueLoss.mean": {
            "value": 290885588.4657243,
            "min": 290885588.4657243,
            "max": 89848697344.0,
            "count": 10
        },
        "TestCarBehavior.Policy.LearningRate.mean": {
            "value": 1.6380694539799997e-05,
            "min": 1.6380694539799997e-05,
            "max": 0.00028460460513179996,
            "count": 10
        },
        "TestCarBehavior.Policy.Epsilon.mean": {
            "value": 0.1054602,
            "min": 0.1054602,
            "max": 0.1948682,
            "count": 10
        },
        "TestCarBehavior.Policy.Beta.mean": {
            "value": 0.00028246398,
            "min": 0.00028246398,
            "max": 0.00474392318,
            "count": 10
        },
        "TestCarBehavior.IsTraining.mean": {
            "value": 1.0,
            "min": 1.0,
            "max": 1.0,
            "count": 10
        }
    },
    "metadata": {
        "timer_format_version": "0.1.0",
        "start_time_seconds": "1612673028",
        "python_version": "3.8.1 (v3.8.1:1b293b6006, Dec 18 2019, 14:08:53) \n[Clang 6.0 (clang-600.0.57)]",
        "command_line_arguments": "/Library/Frameworks/Python.framework/Versions/3.8/bin/mlagents-learn --run-id=testcar_fast001",
        "mlagents_version": "0.23.0",
        "mlagents_envs_version": "0.23.0",
        "communication_protocol_version": "1.3.0",
        "pytorch_version": "1.7.1",
        "numpy_version": "1.18.1",
        "end_time_seconds": "1612689059"
    },
    "total": 16029.414562482001,
    "count": 1,
    "self": 0.01184813800136908,
    "children": {
        "run_training.setup": {
            "total": 0.026614083999999982,
            "count": 1,
            "self": 0.026614083999999982
        },
        "TrainerController.start_learning": {
            "total": 16029.37610026,
            "count": 1,
            "self": 18.01635342492591,
            "children": {
                "TrainerController._reset_env": {
                    "total": 8.298851319999999,
                    "count": 1,
                    "self": 8.298851319999999
                },
                "TrainerController.advance": {
                    "total": 16002.976856713074,
                    "count": 500991,
                    "self": 11.931430192920743,
                    "children": {
                        "env_step": {
                            "total": 15991.045426520153,
                            "count": 500991,
                            "self": 13924.993742313185,
                            "children": {
                                "SubprocessEnvManager._take_step": {
                                    "total": 2056.5825224782625,
                                    "count": 500991,
                                    "self": 53.99448956500646,
                                    "children": {
                                        "TorchPolicy.evaluate": {
                                            "total": 2002.588032913256,
                                            "count": 500013,
                                            "self": 517.0151700652914,
                                            "children": {
                                                "TorchPolicy.sample_actions": {
                                                    "total": 1485.5728628479646,
                                                    "count": 500013,
                                                    "self": 1485.5728628479646
                                                }
                                            }
                                        }
                                    }
                                },
                                "workers": {
                                    "total": 9.469161728706872,
                                    "count": 500991,
                                    "self": 0.0,
                                    "children": {
                                        "worker_root": {
                                            "total": 15989.957108002332,
                                            "count": 500991,
                                            "is_parallel": true,
                                            "self": 2929.4452562888455,
                                            "children": {
                                                "steps_from_proto": {
                                                    "total": 0.0006189309999999892,
                                                    "count": 1,
                                                    "is_parallel": true,
                                                    "self": 0.00029011200000006454,
                                                    "children": {
                                                        "_process_vector_observation": {
                                                            "total": 0.0003288189999999247,
                                                            "count": 4,
                                                            "is_parallel": true,
                                                            "self": 0.0003288189999999247
                                                        }
                                                    }
                                                },
                                                "UnityEnvironment.step": {
                                                    "total": 13060.511232782486,
                                                    "count": 500991,
                                                    "is_parallel": true,
                                                    "self": 87.06600535956204,
                                                    "children": {
                                                        "UnityEnvironment._generate_step_input": {
                                                            "total": 63.820128042573856,
                                                            "count": 500991,
                                                            "is_parallel": true,
                                                            "self": 63.820128042573856
                                                        },
                                                        "communicator.exchange": {
                                                            "total": 12625.04798927484,
                                                            "count": 500991,
                                                            "is_parallel": true,