{
    "name": "root",
    "metadata": {
        "timer_format_version": "0.1.0",
        "start_time_seconds": "1610860171",
        "python_version": "3.8.1 (v3.8.1:1b293b6006, Dec 18 2019, 14:08:53) \n[Clang 6.0 (clang-600.0.57)]",
        "command_line_arguments": "/Library/Frameworks/Python.framework/Versions/3.8/bin/mlagents-learn --run-id=testcar024",
        "mlagents_version": "0.23.0",
        "mlagents_envs_version": "0.23.0",
        "communication_protocol_version": "1.3.0",
        "pytorch_version": "1.7.1",
        "numpy_version": "1.18.1",
        "end_time_seconds": "1610860255"
    },
    "total": 84.18642143199999,
    "count": 1,
    "self": 0.006571326999988969,
    "children": {
        "run_training.setup": {
            "total": 0.021306827000000084,
            "count": 1,
            "self": 0.021306827000000084
        },
        "TrainerController.start_learning": {
            "total": 84.158543278,
            "count": 1,
            "self": 0.010893042999995828,
            "children": {
                "TrainerController._reset_env": {
                    "total": 6.769077103000001,
                    "count": 1,
                    "self": 6.769077103000001
                },
                "TrainerController.advance": {
                    "total": 77.15005270099999,
                    "count": 240,
                    "self": 0.0058289059999623305,
                    "children": {
                        "env_step": {
                            "total": 77.14422379500003,
                            "count": 240,
                            "self": 76.17057461000012,
                            "children": {
                                "SubprocessEnvManager._take_step": {
                                    "total": 0.9682524049999746,
                                    "count": 240,
                                    "self": 0.025624237999968713,
                                    "children": {
                                        "TorchPolicy.evaluate": {
                                            "total": 0.9426281670000058,
                                            "count": 240,
                                            "self": 0.24824761200001966,
                                            "children": {
                                                "TorchPolicy.sample_actions": {
                                                    "total": 0.6943805549999862,
                                                    "count": 240,
                                                    "self": 0.6943805549999862
                                                }
                                            }
                                        }
                                    }
                                },
                                "workers": {
                                    "total": 0.005396779999939483,
                                    "count": 239,
                                    "self": 0.0,
                                    "children": {
                                        "worker_root": {
                                            "total": 76.99991412700001,
                                            "count": 239,
                                            "is_parallel": true,
                                            "self": 1.4626345169999126,
                                            "children": {
                                                "steps_from_proto": {
                                                    "total": 0.0006386090000001232,
                                                    "count": 1,
                                                    "is_parallel": true,
                                                    "self": 0.0003022670000003558,
                                                    "children": {
                                                        "_process_vector_observation": {
                                                            "total": 0.00033634199999976744,
                                                            "count": 4,
                                                            "is_parallel": true,
                                                            "self": 0.00033634199999976744
                                                        }
                                                    }
                                                },
                                                "UnityEnvironment.step": {
                                                    "total": 75.53664100100009,
                                                    "count": 239,
                                                    "is_parallel": true,
                                                    "self": 0.058647013000211246,
                                                    "children": {
                                                        "UnityEnvironment._generate_step_input": {
                                                            "total": 0.02812281699999275,
                                                            "count": 239,
                                                            "is_parallel": true,
                                                            "self": 0.02812281699999275
                                                        },
                                                        "communicator.exchange": {
                                                            "total": 75.22752735400002,
                                                            "count": 239,
                                                            "is_parallel": true,
                                                            "self": 75.22752735400002
                                                        },
                                                        "steps_from_proto": {
                                                            "total": 0.22234381699986994,
                                                            "count": 239,
                                                            "is_parallel": true,
                                                            "self": 0.10991733000003912,
                                                            "children": {
                                                                "_process_vector_observation": {
                                                                    "total": 0.11242648699983082,
                                                                    "count": 956,
                                                                    "is_parallel": true,
                                                                    "self": 0.11242648699983082
                                                                }
                                                            }
                                                        }
                                                    }
                                                }
                                            }
                                        }
                                    }
                                }
                            }
                        }
                    }
                },
                "trainer_threads": {
                    "total": 3.1378000002746376e-05,
                    "count": 1,
                    "self": 3.1378000002746376e-05,
                    "children": {
                        "thread_root": {
                            "total": 0.0,
                            "count": 0,
                            "is_parallel": true,
                            "self": 0.0,
                            "children": {
                                "trainer_advance": {
                                    "total": 71.31921951199806,