{
    "name": "root",
    "gauges": {
        "TestCarBehavior.Policy.Entropy.mean": {
            "value": 1.4218330383300781,
            "min": 1.4186291694641113,
            "max": 1.4218330383300781,
            "count": 2
        },
        "TestCarBehavior.Policy.ExtrinsicValueEstimate.mean": {
            "value": 4.754179954528809,
            "min": 4.754179954528809,
            "max": 9.093969345092773,
            "count": 2
        },
        "TestCarBehavior.Environment.EpisodeLength.mean": {
            "value": 440.1592920353982,
            "min": 429.55172413793105,
            "max": 440.1592920353982,
            "count": 2
        },
        "TestCarBehavior.Environment.CumulativeReward.mean": {
            "value": -97994.55773966291,
            "min": -97994.55773966291,
            "max": -97884.74665207698,
            "count": 2
        },
        "TestCarBehavior.Policy.ExtrinsicReward.mean": {
            "value": -97994.55773966291,
            "min": -97994.55773966291,
            "max": -97884.74665207698,
            "count": 2
        },
        "TestCarBehavior.Losses.PolicyLoss.mean": {
            "value": 0.023893665699433773,
            "min": 0.02269948492824672,
            "max": 0.023893665699433773,
            "count": 2
        },
        "TestCarBehavior.Losses.ValueLoss.mean": {
            "value": 209678546.48,
            "min": 162452621.86666667,
            "max": 209678546.48,
            "count": 2
        },
        "TestCarBehavior.Policy.LearningRate.mean": {
            "value": 0.00025686325437892,
            "min": 0.00025686325437892,
            "max": 0.0002845852551382499,
            "count": 2
        },
        "TestCarBehavior.Policy.Epsilon.mean": {
            "value": 0.18562108000000005,
            "min": 0.18562108000000005,
            "max": 0.19486175,
            "count": 2
        },
        "TestCarBehavior.Policy.Beta.mean": {
            "value": 0.004282491891999999,
            "min": 0.004282491891999999,
            "max": 0.004743601325,
            "count": 2
        },
        "TestCarBehavior.IsTraining.mean": {
            "value": 1.0,
            "min": 1.0,
            "max": 1.0,
            "count": 2
        }
    },
    "metadata": {
        "timer_format_version": "0.1.0",
        "start_time_seconds": "1610871709",
        "python_version": "3.8.1 (v3.8.1:1b293b6006, Dec 18 2019, 14:08:53) \n[Clang 6.0 (clang-600.0.57)]",
        "command_line_arguments": "/Library/Frameworks/Python.framework/Versions/3.8/bin/mlagents-learn --run-id=testcar030",
        "mlagents_version": "0.23.0",
        "mlagents_envs_version": "0.23.0",
        "communication_protocol_version": "1.3.0",
        "pytorch_version": "1.7.1",
        "numpy_version": "1.18.1",
        "end_time_seconds": "1610886545"
    },
    "total": 13452.472327994,
    "count": 1,
    "self": 0.008715889000086463,
    "children": {
        "run_training.setup": {
            "total": 0.07327075599999988,
            "count": 1,
            "self": 0.07327075599999988
        },
        "TrainerController.start_learning": {
            "total": 13452.390341349,
            "count": 1,
            "self": 5.044213759903869,
            "children": {
                "TrainerController._reset_env": {
                    "total": 10.803103035,
                    "count": 1,
                    "self": 10.803103035
                },
                "TrainerController.advance": {
                    "total": 13436.341455829095,
                    "count": 146296,
                    "self": 3.335275441109843,
                    "children": {
                        "env_step": {
                            "total": 13433.006180387985,
                            "count": 146296,
                            "self": 12851.355409733478,
                            "children": {
                                "SubprocessEnvManager._take_step": {
                                    "total": 578.7501353482285,
                                    "count": 146296,
                                    "self": 14.804987274410223,
                                    "children": {
                                        "TorchPolicy.evaluate": {
                                            "total": 563.9451480738182,
                                            "count": 146091,
                                            "self": 145.50695056415702,
                                            "children": {
                                                "TorchPolicy.sample_actions": {
                                                    "total": 418.4381975096612,
                                                    "count": 146091,
                                                    "self": 418.4381975096612
                                                }
                                            }
                                        }
                                    }
                                },
                                "workers": {
                                    "total": 2.900635306279108,
                                    "count": 146295,
                                    "self": 0.0,
                                    "children": {
                                        "worker_root": {
                                            "total": 13429.930985115847,
                                            "count": 146295,
                                            "is_parallel": true,
                                            "self": 828.9001106430169,
                                            "children": {
                                                "steps_from_proto": {
                                                    "total": 0.000615231999999466,
                                                    "count": 1,
                                                    "is_parallel": true,
                                                    "self": 0.00029190300000081493,
                                                    "children": {
                                                        "_process_vector_observation": {
                                                            "total": 0.00032332899999865106,
                                                            "count": 4,
                                                            "is_parallel": true,
                                                            "self": 0.00032332899999865106
                                                        }
                                                    }
                                                },
                                                "UnityEnvironment.step": {
                                                    "total": 12601.03025924083,
                                                    "count": 146295,
                                                    "is_parallel": true,
                                                    "self": 35.963170728331534,
                                                    "children": {
                                                        "UnityEnvironment._generate_step_input": {
                                                            "total": 17.79053470886036,
                                                            "count": 146295,
                                                            "is_parallel": true,
                                                            "self": 17.79053470886036
                                                        },
                                                        "communicator.exchange": {
                                                            "total": 12419.73882885592,
                                                            "count": 146295,
                                                            "is_parallel": true,