{
    "name": "root",
    "metadata": {
        "timer_format_version": "0.1.0",
        "start_time_seconds": "1610860290",
        "python_version": "3.8.1 (v3.8.1:1b293b6006, Dec 18 2019, 14:08:53) \n[Clang 6.0 (clang-600.0.57)]",
        "command_line_arguments": "/Library/Frameworks/Python.framework/Versions/3.8/bin/mlagents-learn --run-id=testcar025",
        "mlagents_version": "0.23.0",
        "mlagents_envs_version": "0.23.0",
        "communication_protocol_version": "1.3.0",
        "pytorch_version": "1.7.1",
        "numpy_version": "1.18.1",
        "end_time_seconds": "1610860356"
    },
    "total": 65.947821578,
    "count": 1,
    "self": 0.004244506000020465,
    "children": {
        "run_training.setup": {
            "total": 0.023023112999999817,
            "count": 1,
            "self": 0.023023112999999817
        },
        "TrainerController.start_learning": {
            "total": 65.92055395899999,
            "count": 1,
            "self": 0.010507189999998445,
            "children": {
                "TrainerController._reset_env": {
                    "total": 5.742826807,
                    "count": 1,
                    "self": 5.742826807
                },
                "TrainerController.advance": {
                    "total": 59.939753046,
                    "count": 191,
                    "self": 0.005183431000020278,
                    "children": {
                        "env_step": {
                            "total": 59.93456961499998,
                            "count": 191,
                            "self": 59.16219485799998,
                            "children": {
                                "SubprocessEnvManager._take_step": {
                                    "total": 0.7674927120000055,
                                    "count": 191,
                                    "self": 0.020357766999985927,
                                    "children": {
                                        "TorchPolicy.evaluate": {
                                            "total": 0.7471349450000195,
                                            "count": 191,
                                            "self": 0.19954987899999033,
                                            "children": {
                                                "TorchPolicy.sample_actions": {
                                                    "total": 0.5475850660000292,
                                                    "count": 191,
                                                    "self": 0.5475850660000292
                                                }
                                            }
                                        }
                                    }
                                },
                                "workers": {
                                    "total": 0.004882044999998669,
                                    "count": 190,
                                    "self": 0.0,
                                    "children": {
                                        "worker_root": {
                                            "total": 59.72893949800002,
                                            "count": 190,
                                            "is_parallel": true,
                                            "self": 1.181729339000043,
                                            "children": {
                                                "steps_from_proto": {
                                                    "total": 0.0005999650000001466,
                                                    "count": 1,
                                                    "is_parallel": true,
                                                    "self": 0.00026374699999998086,
                                                    "children": {
                                                        "_process_vector_observation": {
                                                            "total": 0.0003362180000001658,
                                                            "count": 4,
                                                            "is_parallel": true,
                                                            "self": 0.0003362180000001658
                                                        }
                                                    }
                                                },
                                                "UnityEnvironment.step": {
                                                    "total": 58.546610193999975,
                                                    "count": 190,
                                                    "is_parallel": true,
                                                    "self": 0.05063810299990479,
                                                    "children": {
                                                        "UnityEnvironment._generate_step_input": {
                                                            "total": 0.02291775200002899,
                                                            "count": 190,
                                                            "is_parallel": true,
                                                            "self": 0.02291775200002899
                                                        },
                                                        "communicator.exchange": {
                                                            "total": 58.28847624399999,
                                                            "count": 190,
                                                            "is_parallel": true,
                                                            "self": 58.28847624399999
                                                        },
                                                        "steps_from_proto": {
                                                            "total": 0.1845780950000524,
                                                            "count": 190,
                                                            "is_parallel": true,
                                                            "self": 0.09054925600016084,
                                                            "children": {
                                                                "_process_vector_observation": {
                                                                    "total": 0.09402883899989156,
                                                                    "count": 760,
                                                                    "is_parallel": true,
                                                                    "self": 0.09402883899989156
                                                                }
                                                            }
                                                        }
                                                    }
                                                }
                                            }
                                        }
                                    }
                                }
                            }
                        }
                    }
                },
                "trainer_threads": {
                    "total": 4.441500000496035e-05,
                    "count": 1,
                    "self": 4.441500000496035e-05,
                    "children": {
                        "thread_root": {
                            "total": 0.0,
                            "count": 0,
                            "is_parallel": true,
                            "self": 0.0,
                            "children": {
                                "trainer_advance": {
                                    "total": 55.21086075799904,