{
    "name": "root",
    "metadata": {
        "timer_format_version": "0.1.0",
        "start_time_seconds": "1612573594",
        "python_version": "3.8.1 (v3.8.1:1b293b6006, Dec 18 2019, 14:08:53) \n[Clang 6.0 (clang-600.0.57)]",
        "command_line_arguments": "/Library/Frameworks/Python.framework/Versions/3.8/bin/mlagents-learn --run-id=testcar035",
        "mlagents_version": "0.23.0",
        "mlagents_envs_version": "0.23.0",
        "communication_protocol_version": "1.3.0",
        "pytorch_version": "1.7.1",
        "numpy_version": "1.18.1",
        "end_time_seconds": "1612573761"
    },
    "total": 167.76118488,
    "count": 1,
    "self": 0.0076914550000140025,
    "children": {
        "run_training.setup": {
            "total": 0.03379141299999988,
            "count": 1,
            "self": 0.03379141299999988
        },
        "TrainerController.start_learning": {
            "total": 167.719702012,
            "count": 1,
            "self": 0.3030210000006832,
            "children": {
                "TrainerController._reset_env": {
                    "total": 8.938916719,
                    "count": 1,
                    "self": 8.938916719
                },
                "TrainerController.advance": {
                    "total": 158.18861956699928,
                    "count": 8848,
                    "self": 0.17949556499925734,
                    "children": {
                        "env_step": {
                            "total": 158.00912400200002,
                            "count": 8848,
                            "self": 128.41053216199748,
                            "children": {
                                "SubprocessEnvManager._take_step": {
                                    "total": 29.44227845000166,
                                    "count": 8848,
                                    "self": 0.8629371240008297,
                                    "children": {
                                        "TorchPolicy.evaluate": {
                                            "total": 28.57934132600083,
                                            "count": 8692,
                                            "self": 7.317819480001546,
                                            "children": {
                                                "TorchPolicy.sample_actions": {
                                                    "total": 21.261521845999283,
                                                    "count": 8692,
                                                    "self": 21.261521845999283
                                                }
                                            }
                                        }
                                    }
                                },
                                "workers": {
                                    "total": 0.1563133900008804,
                                    "count": 8847,
                                    "self": 0.0,
                                    "children": {
                                        "worker_root": {
                                            "total": 157.99235763399912,
                                            "count": 8847,
                                            "is_parallel": true,
                                            "self": 43.336613807999655,
                                            "children": {
                                                "steps_from_proto": {
                                                    "total": 0.0007158319999991392,
                                                    "count": 1,
                                                    "is_parallel": true,
                                                    "self": 0.00029206399999637256,
                                                    "children": {
                                                        "_process_vector_observation": {
                                                            "total": 0.0004237680000027666,
                                                            "count": 4,
                                                            "is_parallel": true,
                                                            "self": 0.0004237680000027666
                                                        }
                                                    }
                                                },
                                                "UnityEnvironment.step": {
                                                    "total": 114.65502799399947,
                                                    "count": 8847,
                                                    "is_parallel": true,
                                                    "self": 1.4192254439997356,
                                                    "children": {
                                                        "UnityEnvironment._generate_step_input": {
                                                            "total": 1.0310859590004178,
                                                            "count": 8847,
                                                            "is_parallel": true,
                                                            "self": 1.0310859590004178
                                                        },
                                                        "communicator.exchange": {
                                                            "total": 107.3900894119993,
                                                            "count": 8847,
                                                            "is_parallel": true,
                                                            "self": 107.3900894119993
                                                        },
                                                        "steps_from_proto": {
                                                            "total": 4.814627179000009,
                                                            "count": 8847,
                                                            "is_parallel": true,
                                                            "self": 2.374283725999847,
                                                            "children": {
                                                                "_process_vector_observation": {
                                                                    "total": 2.440343453000162,
                                                                    "count": 35388,
                                                                    "is_parallel": true,
                                                                    "self": 2.440343453000162
                                                                }
                                                            }
                                                        }
                                                    }
                                                }
                                            }
                                        }
                                    }
                                }
                            }
                        }
                    }
                },
                "trainer_threads": {
                    "total": 3.1442000022252614e-05,
                    "count": 1,
                    "self": 3.1442000022252614e-05,
                    "children": {
                        "thread_root": {
                            "total": 0.0,
                            "count": 0,
                            "is_parallel": true,
                            "self": 0.0,
                            "children": {
                                "trainer_advance": {
                                    "total": 146.9956423500015,