{
    "name": "root",
    "metadata": {
        "timer_format_version": "0.1.0",
        "start_time_seconds": "1610775244",
        "python_version": "3.8.1 (v3.8.1:1b293b6006, Dec 18 2019, 14:08:53) \n[Clang 6.0 (clang-600.0.57)]",
        "command_line_arguments": "/Library/Frameworks/Python.framework/Versions/3.8/bin/mlagents-learn --run-id=testcar013",
        "mlagents_version": "0.23.0",
        "mlagents_envs_version": "0.23.0",
        "communication_protocol_version": "1.3.0",
        "pytorch_version": "1.7.1",
        "numpy_version": "1.18.1",
        "end_time_seconds": "1610775288"
    },
    "total": 44.731769451,
    "count": 1,
    "self": 0.004483351999994056,
    "children": {
        "run_training.setup": {
            "total": 0.03055897200000013,
            "count": 1,
            "self": 0.03055897200000013
        },
        "TrainerController.start_learning": {
            "total": 44.696727127,
            "count": 1,
            "self": 0.007197888000000319,
            "children": {
                "TrainerController._reset_env": {
                    "total": 4.634298714,
                    "count": 1,
                    "self": 4.634298714
                },
                "TrainerController.advance": {
                    "total": 39.816053526000005,
                    "count": 136,
                    "self": 0.003566782999996576,
                    "children": {
                        "env_step": {
                            "total": 39.81248674300001,
                            "count": 136,
                            "self": 39.27194171599993,
                            "children": {
                                "SubprocessEnvManager._take_step": {
                                    "total": 0.5379385080000469,
                                    "count": 136,
                                    "self": 0.014312419000050092,
                                    "children": {
                                        "TorchPolicy.evaluate": {
                                            "total": 0.5236260889999969,
                                            "count": 133,
                                            "self": 0.136984439999992,
                                            "children": {
                                                "TorchPolicy.sample_actions": {
                                                    "total": 0.38664164900000486,
                                                    "count": 133,
                                                    "self": 0.38664164900000486
                                                }
                                            }
                                        }
                                    }
                                },
                                "workers": {
                                    "total": 0.002606519000030616,
                                    "count": 135,
                                    "self": 0.0,
                                    "children": {
                                        "worker_root": {
                                            "total": 39.69625783799999,
                                            "count": 135,
                                            "is_parallel": true,
                                            "self": 0.822836409999951,
                                            "children": {
                                                "steps_from_proto": {
                                                    "total": 0.0010391979999999634,
                                                    "count": 1,
                                                    "is_parallel": true,
                                                    "self": 0.0006986710000003171,
                                                    "children": {
                                                        "_process_vector_observation": {
                                                            "total": 0.0003405269999996463,
                                                            "count": 2,
                                                            "is_parallel": true,
                                                            "self": 0.0003405269999996463
                                                        }
                                                    }
                                                },
                                                "UnityEnvironment.step": {
                                                    "total": 38.872382230000035,
                                                    "count": 135,
                                                    "is_parallel": true,
                                                    "self": 0.029563028000097802,
                                                    "children": {
                                                        "UnityEnvironment._generate_step_input": {
                                                            "total": 0.014383198999980529,
                                                            "count": 135,
                                                            "is_parallel": true,
                                                            "self": 0.014383198999980529
                                                        },
                                                        "communicator.exchange": {
                                                            "total": 38.74213568099999,
                                                            "count": 135,
                                                            "is_parallel": true,
                                                            "self": 38.74213568099999
                                                        },
                                                        "steps_from_proto": {
                                                            "total": 0.08630032199996318,
                                                            "count": 135,
                                                            "is_parallel": true,
                                                            "self": 0.053499255999915896,
                                                            "children": {
                                                                "_process_vector_observation": {
                                                                    "total": 0.032801066000047285,
                                                                    "count": 270,
                                                                    "is_parallel": true,
                                                                    "self": 0.032801066000047285
                                                                }
                                                            }
                                                        }
                                                    }
                                                }
                                            }
                                        }
                                    }
                                }
                            }
                        }
                    }
                },
                "trainer_threads": {
                    "total": 3.949399999925163e-05,
                    "count": 1,
                    "self": 3.949399999925163e-05,
                    "children": {
                        "thread_root": {
                            "total": 0.0,
                            "count": 0,
                            "is_parallel": true,
                            "self": 0.0,
                            "children": {
                                "trainer_advance": {
                                    "total": 36.72520197999941,