{
    "name": "root",
    "gauges": {
        "TestCarBehavior.Policy.Entropy.mean": {
            "value": 1.4277514219284058,
            "min": 1.4171885251998901,
            "max": 1.4277514219284058,
            "count": 10
        },
        "TestCarBehavior.Environment.EpisodeLength.mean": {
            "value": 75.98,
            "min": 23.01200192030725,
            "max": 78.88357256778309,
            "count": 10
        },
        "TestCarBehavior.Policy.ExtrinsicValueEstimate.mean": {
            "value": -5482.5732421875,
            "min": -5482.5732421875,
            "max": -90.46690368652344,
            "count": 10
        },
        "TestCarBehavior.Environment.CumulativeReward.mean": {
            "value": -10000000.0,
            "min": -10000000.0,
            "max": -10000000.0,
            "count": 10
        },
        "TestCarBehavior.Policy.ExtrinsicReward.mean": {
            "value": -10000000.0,
            "min": -10000000.0,
            "max": -10000000.0,
            "count": 10
        },
        "TestCarBehavior.Losses.PolicyLoss.mean": {
            "value": 0.022067762243920395,
            "min": 0.022067762243920395,
            "max": 0.03675867997398351,
            "count": 10
        },
        "TestCarBehavior.Losses.ValueLoss.mean": {
            "value": 8397622066107.734,
            "min": 8397622066107.734,
            "max": 32619912215483.734,
            "count": 10
        },
        "TestCarBehavior.Policy.LearningRate.mean": {
            "value": 1.6713574428839995e-05,
            "min": 1.6713574428839995e-05,
            "max": 0.0002846118051294,
            "count": 10
        },
        "TestCarBehavior.Policy.Epsilon.mean": {
            "value": 0.10557116,
            "min": 0.10557116,
            "max": 0.1948706,
            "count": 10
        },
        "TestCarBehavior.Policy.Beta.mean": {
            "value": 0.000288000884,
            "min": 0.000288000884,
            "max": 0.00474404294,
            "count": 10
        },
        "TestCarBehavior.IsTraining.mean": {
            "value": 1.0,
            "min": 1.0,
            "max": 1.0,
            "count": 10
        }
    },
    "metadata": {
        "timer_format_version": "0.1.0",
        "start_time_seconds": "1612514039",
        "python_version": "3.8.1 (v3.8.1:1b293b6006, Dec 18 2019, 14:08:53) \n[Clang 6.0 (clang-600.0.57)]",
        "command_line_arguments": "/Library/Frameworks/Python.framework/Versions/3.8/bin/mlagents-learn --run-id=testcar034",
        "mlagents_version": "0.23.0",
        "mlagents_envs_version": "0.23.0",
        "communication_protocol_version": "1.3.0",
        "pytorch_version": "1.7.1",
        "numpy_version": "1.18.1",
        "end_time_seconds": "1612524299"
    },
    "total": 10259.688582649998,
    "count": 1,
    "self": 0.017121512999437982,
    "children": {
        "run_training.setup": {
            "total": 0.025990314999999597,
            "count": 1,
            "self": 0.025990314999999597
        },
        "TrainerController.start_learning": {
            "total": 10259.645470821999,
            "count": 1,
            "self": 17.690013464878575,
            "children": {
                "TrainerController._reset_env": {
                    "total": 9.397243318000001,
                    "count": 1,
                    "self": 9.397243318000001
                },
                "TrainerController.advance": {
                    "total": 10232.471044808119,
                    "count": 509855,
                    "self": 11.020518462268228,
                    "children": {
                        "env_step": {
                            "total": 10221.45052634585,
                            "count": 509855,
                            "self": 8256.315573642169,
                            "children": {
                                "SubprocessEnvManager._take_step": {
                                    "total": 1955.91959321088,
                                    "count": 509855,
                                    "self": 52.97007846568363,
                                    "children": {
                                        "TorchPolicy.evaluate": {
                                            "total": 1902.9495147451964,
                                            "count": 500010,
                                            "self": 490.8004310676281,
                                            "children": {
                                                "TorchPolicy.sample_actions": {
                                                    "total": 1412.1490836775683,
                                                    "count": 500010,
                                                    "self": 1412.1490836775683
                                                }
                                            }
                                        }
                                    }
                                },
                                "workers": {
                                    "total": 9.21535949280082,
                                    "count": 509855,
                                    "self": 0.0,
                                    "children": {
                                        "worker_root": {
                                            "total": 10219.774840758508,
                                            "count": 509855,
                                            "is_parallel": true,
                                            "self": 2803.0655524350796,
                                            "children": {
                                                "steps_from_proto": {
                                                    "total": 0.0005945130000011289,
                                                    "count": 1,
                                                    "is_parallel": true,
                                                    "self": 0.00026880400000095506,
                                                    "children": {
                                                        "_process_vector_observation": {
                                                            "total": 0.0003257090000001739,
                                                            "count": 4,
                                                            "is_parallel": true,
                                                            "self": 0.0003257090000001739
                                                        }
                                                    }
                                                },
                                                "UnityEnvironment.step": {
                                                    "total": 7416.7086938104285,
                                                    "count": 509855,
                                                    "is_parallel": true,
                                                    "self": 85.4922466047874,
                                                    "children": {
                                                        "UnityEnvironment._generate_step_input": {
                                                            "total": 62.41262357470924,
                                                            "count": 509855,
                                                            "is_parallel": true,
                                                            "self": 62.41262357470924
                                                        },
                                                        "communicator.exchange": {
                                                            "total": 6984.501789466609,
                                                            "count": 509855,
                                                            "is_parallel": true,