{
    "name": "root",
    "gauges": {
        "TestCarBehavior.Policy.Entropy.mean": {
            "value": 1.417515516281128,
            "min": 1.417515516281128,
            "max": 1.4272178411483765,
            "count": 10
        },
        "TestCarBehavior.Policy.ExtrinsicValueEstimate.mean": {
            "value": -31.385303497314453,
            "min": -79.51014709472656,
            "max": -15.010430335998535,
            "count": 10
        },
        "TestCarBehavior.Environment.EpisodeLength.mean": {
            "value": 55684.5,
            "min": 492.73267326732673,
            "max": 55684.5,
            "count": 6
        },
        "TestCarBehavior.Environment.CumulativeReward.mean": {
            "value": -1000000.0,
            "min": -1000000.0,
            "max": -1000000.0,
            "count": 6
        },
        "TestCarBehavior.Policy.ExtrinsicReward.mean": {
            "value": -1000000.0,
            "min": -1000000.0,
            "max": -1000000.0,
            "count": 6
        },
        "TestCarBehavior.Losses.PolicyLoss.mean": {
            "value": 0.025287633603729775,
            "min": 0.02141686897724867,
            "max": 0.025694362925666306,
            "count": 10
        },
        "TestCarBehavior.Losses.ValueLoss.mean": {
            "value": 20.30807341893514,
            "min": 20.30807341893514,
            "max": 17181308893.86667,
            "count": 10
        },
        "TestCarBehavior.Policy.LearningRate.mean": {
            "value": 1.5991894669400003e-05,
            "min": 1.5991894669400003e-05,
            "max": 0.00028458450513849993,
            "count": 10
        },
        "TestCarBehavior.Policy.Epsilon.mean": {
            "value": 0.10533059999999998,
            "min": 0.10533059999999998,
            "max": 0.19486150000000008,
            "count": 10
        },
        "TestCarBehavior.Policy.Beta.mean": {
            "value": 0.0002759969400000001,
            "min": 0.0002759969400000001,
            "max": 0.004743588850000001,
            "count": 10
        },
        "TestCarBehavior.IsTraining.mean": {
            "value": 1.0,
            "min": 1.0,
            "max": 1.0,
            "count": 10
        }
    },
    "metadata": {
        "timer_format_version": "0.1.0",
        "start_time_seconds": "1612574733",
        "python_version": "3.8.1 (v3.8.1:1b293b6006, Dec 18 2019, 14:08:53) \n[Clang 6.0 (clang-600.0.57)]",
        "command_line_arguments": "/Library/Frameworks/Python.framework/Versions/3.8/bin/mlagents-learn --run-id=testcar103",
        "mlagents_version": "0.23.0",
        "mlagents_envs_version": "0.23.0",
        "communication_protocol_version": "1.3.0",
        "pytorch_version": "1.7.1",
        "numpy_version": "1.18.1",
        "end_time_seconds": "1612585515"
    },
    "total": 10781.761541147,
    "count": 1,
    "self": 0.008323386999109061,
    "children": {
        "run_training.setup": {
            "total": 0.04035387400000001,
            "count": 1,
            "self": 0.04035387400000001
        },
        "TrainerController.start_learning": {
            "total": 10781.712863886001,
            "count": 1,
            "self": 15.970351594480235,
            "children": {
                "TrainerController._reset_env": {
                    "total": 8.087226573,
                    "count": 1,
                    "self": 8.087226573
                },
                "TrainerController.advance": {
                    "total": 10757.569442457521,
                    "count": 500247,
                    "self": 10.57321397071064,
                    "children": {
                        "env_step": {
                            "total": 10746.99622848681,
                            "count": 500247,
                            "self": 8887.783585251305,
                            "children": {
                                "SubprocessEnvManager._take_step": {
                                    "total": 1850.5923792445349,
                                    "count": 500247,
                                    "self": 47.14344404978988,
                                    "children": {
                                        "TorchPolicy.evaluate": {
                                            "total": 1803.448935194745,
                                            "count": 500041,
                                            "self": 467.0673815062071,
                                            "children": {
                                                "TorchPolicy.sample_actions": {
                                                    "total": 1336.381553688538,
                                                    "count": 500041,
                                                    "self": 1336.381553688538
                                                }
                                            }
                                        }
                                    }
                                },
                                "workers": {
                                    "total": 8.620263990971257,
                                    "count": 500247,
                                    "self": 0.0,
                                    "children": {
                                        "worker_root": {
                                            "total": 10745.667070710959,
                                            "count": 500247,
                                            "is_parallel": true,
                                            "self": 2614.8008617280793,
                                            "children": {
                                                "steps_from_proto": {
                                                    "total": 0.0005712359999989758,
                                                    "count": 1,
                                                    "is_parallel": true,
                                                    "self": 0.0002667979999984027,
                                                    "children": {
                                                        "_process_vector_observation": {
                                                            "total": 0.0003044380000005731,
                                                            "count": 4,
                                                            "is_parallel": true,
                                                            "self": 0.0003044380000005731
                                                        }
                                                    }
                                                },
                                                "UnityEnvironment.step": {
                                                    "total": 8130.86563774688,
                                                    "count": 500247,
                                                    "is_parallel": true,
                                                    "self": 79.8825499137738,
                                                    "children": {
                                                        "UnityEnvironment._generate_step_input": {
                                                            "total": 53.81199938272593,
                                                            "count": 500247,
                                                            "is_parallel": true,
                                                            "self": 53.81199938272593
                                                        },
                                                        "communicator.exchange": {
                                                            "total": 7725.661130148677,
                                                            "count": 500247,
                                                            "is_parallel": true,